Account name;Campaign name;Campaign start;Campaign end;;;;;;;;;;
Ahmad Tea;Ahmad Tea Jan - Feb 2025 (YT) - Reach Mix 2.0;16/01/2025;26/02/2025;;;;;;;;;;
Ahmad Tea;Ahmad Tea Jan - Feb 2025 (YT) - VVC;16/01/2025;26/02/2025;;;;;;;;;;
Ahmad Tea;Ahmad Tea Nov 2025 (YT) - Reach Mix 2.0;11/11/2025;21/12/2025;;;;;;;;;;
Ahmad Tea;Ahmad Tea Nov 2025 (YT) - VVC;11/11/2025;21/12/2025;;;;;;;;;;
JGL Croatia EUR;meralys_january_2025_search_cpc;14/01/2025;31/12/2025;;;;;;;;;;
JGL Croatia EUR;meralys_january_2025_youtube_cpm;21/01/2025;28/02/2025;;;;;;;;;;
JGL Croatia EUR;prolife_january_2025_youtube_cpm_reachmix_2.0;15/01/2025;16/03/2025;;;;;;;;;;
JGL Croatia EUR;prolife_january_2025_search_cpc;17/01/2025;31/12/2025;;;;;;;;;;
JGL Croatia EUR;fungilac_march_2025_search_is;17/01/2025;31/10/2025;;;;;;;;;;
JGL Croatia EUR;fungilac_march_2025_youtube_fc_cpm;01/04/2025;30/07/2025;;;;;;;;;;
JGL Croatia EUR;fungilac_march_2025_display_cpm;01/04/2025;30/07/2025;;;;;;;;;;
JGL Croatia EUR;fungilac_march_2025_competitors_search_is;01/04/2025;31/08/2025;;;;;;;;;;
JGL Croatia EUR;reflustat_march_2025_youtube_fc_cpm;21/03/2025;08/06/2025;;;;;;;;;;
JGL Croatia EUR;reflustat_april_2025_search_is;01/04/2025;31/12/2025;;;;;;;;;;
JGL Croatia EUR;reflustat_september_2025_youtube_fc_cpm;16/09/2025;31/12/2025;;;;;;;;;;
JGL Croatia EUR;lactogyn_june_2025_search_is;12/06/2025;31/10/2025;;;;;;;;;;
JGL Croatia EUR;JGL Muzej farmacije HR Jul - Aug 2025 (DN) - CPC;01/07/2025;31/08/2025;;;;;;;;;;
JGL Croatia EUR;JGL Muzej farmacije TUR Jul - Aug 2025 (DN) - CPC;01/07/2025;31/08/2025;;;;;;;;;;
JGL Croatia EUR;JGL Muzej farmacije HR Jul - Aug 2025 (DG) - CPC;01/07/2025;31/08/2025;;;;;;;;;;
JGL Croatia EUR;JGL Muzej farmacije TUR Jul - Aug 2025 (DG) - CPC;01/07/2025;31/08/2025;;;;;;;;;;
JGL Croatia EUR;lactogyn_june_2025_display_cpm;15/07/2025;30/09/2025;;;;;;;;;;
JGL Croatia EUR;lactogyn_june_2025_youtube_fc_cpm;15/07/2025;31/10/2025;;;;;;;;;;
JGL Croatia EUR;jgl_zaposljavanje_october_2025_cross-network_pmax;15.10.2025;27.10.2025;;;;;;;;;;
JGL Croatia EUR;vizols_october_2025_youtube_cpm;08/10/2025;30/11/2025;;;;;;;;;;
JGL Croatia EUR;vizols_october_2025_search_cpc;08/10/2025;31/12/2025;;;;;;;;;;
JGL Croatia EUR;prolife_november_2025_display_cpm;11/11/2025;28/12/2025;;;;;;;;;;
JGL Croatia EUR;prolife_november_2025_youtube_cpm;11/11/2025;28/12/2025;;;;;;;;;;
JGL Croatia EUR;meralys_december_2025_youtube_cpm;10/12/2025;28/12/2025;;;;;;;;;;
Dr. Oetker;Dr. Oetker Ristorante Feliciana Feb 2025 (YT) - Reach Mix - CPM;07/02/2025;28/02/2025;;;;;;;;;;
Dr.Oetker;Dr. Oetker Easter Apr 2025 (YT) - Reach Mix - CPM;28/03/2025;20/04/2025;;;;;;;;;;
Dr.Oetker;Dr. Oetker Easter Apr 2025 (YT) - CPV;04/04/2025;20/04/2025;;;;;;;;;;
Dr.Oetker;Dr. Oetker Turisti Jul - Aug 2025 (DN) - CPC;09/07/2025;31/08/2025;;;;;;;;;;
Dr.Oetker;Dr. Oetker Doručkujmo zajedno Aug - Sep 2025 (DN) - CPC;26/08/2025;23/09/2025;;;;;;;;;;
Dr.Oetker;Dr. Oetker Baguette September 2025 (DN) - CPC;05/09/2025;30.09.2025;;;;;;;;;;
Dr.Oetker;Dr. Oetker Bread Club October 2025 (DN) - CPC;06/10/2025;31.10.2025;;;;;;;;;;
Dr.Oetker;Dr. Oetker Božićna kampanja Nov - Dec 2025 (DN) - CPC;26/11/2025;24.12.2025;;;;;;;;;;
Dr.Oetker;Dr. Oetker Božićna kampanja Nov - Dec 2025 (YT) - TrueView for Reach;26/11/2025;24.12.2025;;;;;;;;;;
BoxNow;BoxNow May - Jun 2025 (YT) - Reach Mix - CPM;26/05/2025;15/06/2025;;;;;;;;;;
Zott EUR;Zott Protein Jan - Mar 2025 (YT) - Trueview - CPV;08/01/2025;30/03/2025;;;;;;;;;;
Zott EUR;Zott Protein Jan - Mar 2025 (YT) - Bumper - CPM;08/01/2025;30/03/2025;;;;;;;;;;
Zott EUR;Zott Protein Jan - Mar 2025 (DN) - CPM;08/01/2025;30/03/2025;;;;;;;;;;
Zott EUR;Zott Monte Jan - Feb 2025 (YT) - Trueview - CPV;13/01/2025;28/02/2025;;;;;;;;;;
Zott EUR;Zott Jogobella Jan - Feb 2025 (YT) - TrueView - CPV;15/01/2025;28/02/2025;;;;;;;;;;
Zott EUR;Zott Jogobella Jan - Feb 2025 (YT) - Bumper - CPM;15/01/2025;28/02/2025;;;;;;;;;;
Zott EUR;Zott Jogobella Mar - Apr 2025 (YT) - TrueView - CPV;24/03/2025;20/04/2025;;;;;;;;;;
Zott EUR;Zott Jogobella Mar - Apr 2025 (YT) - Bumper - CPM;24/03/2025;20/04/2025;;;;;;;;;;
Zott EUR;Zott Protein Apr - Jun 2025 (YT) - Trueview - CPV;14/04/2025;30/06/2025;;;;;;;;;;
Zott EUR;Zott Protein Apr - Jun 2025 (YT) - Bumper - CPM;14/04/2025;30/06/2025;;;;;;;;;;
Zott EUR;Zott Protein Apr - Jun 2025 (DN) - CPM;14/04/2025;30/06/2025;;;;;;;;;;
Zott EUR;Zott Jogobella May - Jun 2025 (YT) - TrueView - CPV;01/05/2025;30/06/2025;;;;;;;;;;
Zott EUR;Zott Jogobella May - Jun 2025 (YT) - Bumper - CPM;01/05/2025;30/06/2025;;;;;;;;;;
Zott EUR;Zott Monte May - Jul 2025 (YT) - TrueView - CPV;14/05/2025;31/07/2025;;;;;;;;;;
Zott EUR;Zott Monte May - Jul 2025 (YT) - Bumper - CPM;14/05/2025;31/07/2025;;;;;;;;;;
Zott EUR;Zott Hungry May - Jul 2025 (YT) - Reach Mix;21/05/2025;20/07/2025;;;;;;;;;;
Zott EUR;Zott Monte Aug - Sep 2025 (YT) - TrueView - CPV;27/08/2025;30/09/2025;;;;;;;;;;
Zott EUR;Zott Jogobella Sept - Oct 2025 (YT) - TrueView - CPV;09/09/2025;31/10/2025;;;;;;;;;;
Zott EUR;Zott Jogobella Sept - Oct 2025 (YT) - Bumper - CPM;09/09/2025;31/10/2025;;;;;;;;;;
Zott EUR;Zott Protein Sep - Oct 2025 (YT) - TrueView - CPV;10/09/2025;16/11/2025;;;;;;;;;;
Zott EUR;Zott Protein Sep - Oct 2025 (YT) - Bumper - CPM;10/09/2025;16/11/2025;;;;;;;;;;
Zott EUR;Zott Protein Sep - Oct 2025 (DN) - CPM;10/09/2025;16/11/2025;;;;;;;;;;
Zott EUR;Zott Hungry Oct - Nov 2025 (YT) - Reach Mix;01/10/2025;30/11/2025;;;;;;;;;;
LG Croatia - Display;HR_OTH_AC_HR_25_Q2_Klime-Besplatna-Instalacija-GDN-RAC_DIS_consideration_BRA_Klime-Besplatna-Instalacija-RAC-GDN_lg.com/hr/besplatna-instalacija-klima-uredaja_20250422-0003__CPC_CLK_gdn_PRO;05.05.2025;31/05/2025;;;;;;;;;;
LG Croatia - Display;HR_OTH_AC_HR_25_Q2_Klime-Besplatna-Instalacija-DG-RAC_DIS_consideration_BRA_Klime-Besplatna-Instalacija-RAC-DG_lg.com/hr/besplatna-instalacija-klima-uredaja_20250422-0003__CPC_CLK_google-ads_PRO;05.05.2025;31/05/2025;;;;;;;;;;
LG Croatia - Display;HR_OTH_HH_HR_25_Q2_Therma-V-CAC_Therma-V-DG-CAC-SEM_lg.com/hr/dizalica-topline-zrak-voda/lg-r290-monobloc_consideration_20250520-0001_sa_DIS_OTH_CPC_CLK_OTH;10.06.2025;30/06/2025;;;;;;;;;;
LG Croatia - Display;HR_HE_TV_HR_25_Q2_OLED-QNED_DIS_consideration__OLED-QNED-TV-DG_https://www.lg.com/hr/oled-evo_20250613-0002__CPC_CLK_google-ads_OTH;18.06.2025;30/06/2025;;;;;;;;;;
LG Croatia - Display;HR_OTH_AC_HR_25_Q2_Klime-DG-RAC_DIS_consideration_BRA_Klime-RAC-DG_lg.com/hr/klima-uredaji_20250618-0005__CPC_CLK_google-ads_PRO;20.06.2025;30/06/2025;;;;;;;;;;
LG Croatia - Display;HR_OTH_AC_HR_25_Q3_Klime-DG-RAC_DIS_consideration_BRA_Klime-RAC-DG_lg.com/hr/klima-uredaji_20250916-0003__CPC_CLK_google-ads_PRO;25.09.2025;31/10/2025;;;;;;;;;;
LG Croatia - Display;HR_HA_VC_HR_25_Q4_Usisavači-VCC_DIS_awareness__Usisavači-VCC-GDN_lg.com/hr/usisavaci_20250525-0001__CPM_IMP_google-ads_PRO;08.10.2025;08/11/2025;;;;;;;;;;
LG Croatia - Display;HR_HA_VC_HR_25_Q4_Usisavači-VCC_DIS_consideration__Usisavači-VCC-DG_lg.com/hr/usisavaci_20250525-0001__CPC_CLK_google-ads_PRO;08.10.2025;08/11/2025;;;;;;;;;;
LG Croatia - Display;HR_HA_REF_HR_25_Q4_Hladnjaci-REF_DIS_consideration__Hladnjaci-DG_elipso.hr/prilika/lg-hladnjaci-akcija-rujan-2025/_20250926-0008__CPC_CLK_google-ads_PRO;08.10.2025;08/11/2025;;;;;;;;;;
LG Croatia - Display;HR_HE_TV_HR_25_Q4_OLED-GDN_OLED-TV-GDN_lg.com/hr/oled-tv_awareness_20251017-0005_google-ads_DIS_PRO_CPM_IMP_PRO;23.10.2025;30/11/2025;;;;;;;;;;
LG Croatia - Display;HR_HE_TV_HR_25_Q4_OLED-DG_OLED-TV-DG_lg.com/hr/oled-tv_consideration_20251017-0005_google-ads_DIS_PRO_CPC_CLK_PRO;23.10.2025;30/11/2025;;;;;;;;;;
LG Croatia - Display;HR_OTH_WM_HR_25_Q4_WashTower-WM_WashTower-DG_lg.com/hr/lg-washtower_consideration_20251030-0003_google-ads_DIS_PRO_CPC_CLK_PRO;11.11.2025;10/12/2025;;;;;;;;;;
LG Croatia Video;HR_OTH_WM_HR_25_Q4_WashTower-WM_WashTower-YT_lg.com/hr/lg-washtower_awareness_20251030-0003_google-ads_YT_PRO_CPM_IMP_PRO;11.11.2025;10/12/2025;;;;;;;;;;
Finish;Finish Additives Jan - Mar 2025 (DN) - CPM;13/01/2025;31/03/2025;;;;;;;;;;
Finish;Finish Additives Jan - Mar 2025 (YT) - Reach Mix 2.0;13/01/2025;31/03/2025;;;;;;;;;;
Finish;Finish Bosch PIP Feb - Mar 2025 (YT) - TrueView - CPV;03/02/2025;23/03/2025;;;;;;;;;;
Finish;Finish Bosch PIP Feb - Mar 2025 (YT) - Non skippable - CPM;03/02/2025;23/03/2025;;;;;;;;;;
Finish;Finish Reckitt PIP Oct 2025 (DN) - CPM;17/10/2025;31/10/2025;;;;;;;;;;
Finish;Finish Reckitt PIP Oct 2025 (YT) - CPV;21/10/2025;31/10/2025;;;;;;;;;;
Finish;Finish Reckitt PIP Oct  2025 (YT) - CPM - Retargeting;;31/10/2025;;;;;;;;;;
Finish;Finish Reckitt PIP Nov 2025 (DN) - CPM;01/11/2025;30/11/2025;;;;;;;;;;
Finish;Finish Reckitt PIP Nov 2025 (YT) - CPV;01/11/2025;30/11/2025;;;;;;;;;;
Finish;Finish Reckitt PIP Nov 2025 (YT) - CPM - Retargeting;01/11/2025;30/11/2025;;;;;;;;;;
SMAC EUR;SMAC Jun - Dec 2025 (S) - Generic - IS;13/01/2025;31/12/2025;;;;;;;;;;
WC NET EUR;WC NET April - December 2025 Always On (S) - Generic - IS;13/01/2025;31/12/2025;;;;;;;;;;
WC NET EUR;WC NET April - December 2025 Always On (S) - Brand - IS;13/01/2025;31/12/2025;;;;;;;;;;
Borotalco EUR;Borotalco Generic Jan - Dec 2025 (S);13/01/2025;31/12/2025;;;;;;;;;;
Borotalco EUR;Borotalco Pure June 2025 (CPV);24/06/2025;31/07/2025;;;;;;;;;;
Borotalco EUR;Borotalco Pure June 2025 (Bumper);24/06/2025;31/07/2025;;;;;;;;;;
Borotalco EUR;Borotalco Men Aug - Sep 2025 (CPV) - VVC;21/08/2025;05/09/2025;;;;;;;;;;
Borotalco EUR;Borotalco Men Aug - Sep 2025 (CPM) - Bumper;21/08/2025;05/09/2025;;;;;;;;;;
Chilly EUR;Chilly Generic Apr - Dec 2025 (S);13/01/2025;31/12/2025;;;;;;;;;;
ENERGYCOM;Energycom Jan - Feb 2025 - Performance Max;24/01/2025;31/12/2025;;;;;;;;;;
ENERGYCOM;Energycom Elektrane Jan - Feb 2025 (S) - CPA;24/01/2025;31/12/2025;;;;;;;;;;
ENERGYCOM;Energycom Dizalice Jan - Feb 2025 (S) - CPA;24/01/2025;08/08/2025;;;;;;;;;;
ENERGYCOM;Energycom Jan - Feb 2025 (DN) - CPC;24/01/2025;07/07/2025;;;;;;;;;;
ENERGYCOM;Energycom New Creatives Jun - Jul 2025 - Performance Max;07/06/2025;07/07/2025;;;;;;;;;;
ENERGYCOM;Energycom New Creatives Jun - Jul 2025 (DN) - CPC;07/06/2025;07/07/2025;;;;;;;;;;
ENERGYCOM;Energycom March 2025 (YT) - Reach Mix 2.0;03/03/2025;31/03/2025;;;;;;;;;;
Loacker EUR;Loacker Jan - Feb 2025 (YT) - Reach Mix 2.0 - CPM;27/01/2025;23/02/2025;;;;;;;;;;
Loacker EUR;Loacker Jan - Feb 2025 (YT) - VVC - CPV;27/01/2025;23/02/2025;;;;;;;;;;
Loacker EUR;Loacker Apr - May 2025 (YT) - Reach Mix 2.0 - CPM;21/04/2025;18/05/2025;;;;;;;;;;
Loacker EUR;Loacker Apr - May 2025 (YT) - VVC - CPV;21/04/2025;18/05/2025;;;;;;;;;;
Loacker EUR;Loacker Sep - Oct 2025 (YT) - Reach Mix 2.0 - CPM;15/09/2025;26/10/2025;;;;;;;;;;
Loacker EUR;Loacker Sep - Oct 2025 (YT) - VVC - CPV;15/09/2025;26/10/2025;;;;;;;;;;
Saponia;Saponia Ornel CRO Feb 2025 (DN) - CPM;21/02/2025;25/02/2025;;;;;;;;;;
Saponia;Saponia Likvi CRO Apr - May 2025 (YT) - CPM;01/04/2025;31/05/2025;;;;;;;;;;
Saponia;Saponia Likvi BiH Apr - May 2025 (YT) - CPM;01/04/2025;15/05/2025;;;;;;;;;;
Saponia;Saponia Faks penta cups - Apr - Jun 2025 (YT) - CPM;15/04/2025;10/06/2025;;;;;;;;;;
Saponia;Saponia Ornel CRO Apr 2025 (DN) - CPM;16/04/2025;22/04/2025;;;;;;;;;;
Saponia;Saponia Nila May 2025 (YT) - CPM;02/05/2025;31/05/2025;;;;;;;;;;
Saponia;Saponia Ornel + Kaufland May 2025 (DN) - CPM;14/05/2025;20/05/2025;;;;;;;;;;
Saponia;Saponia Ornel Nagradna igra May - Jun 2025 (DN) - CPC;21/05/2025;15/06/2025;;;;;;;;;;
Saponia;Saponia Ornel Nagradna Igra BiH Jun - Jul 2025 (DN) - CPC;03/06/2025;31/07/2025;;;;;;;;;;
Saponia;Saponia Faks Sve ti je čisto Nov 2025 (DN) - CPM;01/11/2025;30/11/2025;;;;;;;;;;
Saponia;Saponia Nagradna Igra Operi December 2025 - (GDN) - CPC;15/12/2025;20/12/2025;;;;;;;;;;
Saponia;Saponia Nagradna Igra Operi December 2025 - (DG) - CPC;15/12/2025;20/12/2025;;;;;;;;;;
UHU;UHU Super Glue Control April 2025 (YT) - Bumper - CPM;08/04/2025;15/05/2025;;;;;;;;;;
UHU;UHU BTS Aug - Sep 2025 (DN) - CPM;18/08/2025;14/09/2025;;;;;;;;;;
UHU;UHU BTS Aug - Sep 2025 (YT) - Bumper - CPM;18/08/2025;14/09/2025;;;;;;;;;;
Croatia_Hidra;Awareness_CPM_Croatia_YouTube_Hidra_EquityI-YT-April-July2025;12/05/2025;06/07/2025;;;;;;;;;;
Croatia_Hidra;Awareness_CPM_Croatia_GoogleAds_Hidra_EquityI-GDN-April-July2025;08/04/2025;06/07/2025;;;;;;;;;;
Croatia_Hidra;Traffic_CPC_Croatia_GoogleAds_Hidra_NCP-Campaign-June-August-2025;17/06/2025;31/08/2025;;;;;;;;;;
Rio Mare EUR;Rio Mare Insalatissime Apr - May 2025 (YT) - CPM;10/04/2025;05/05/2025;;;;;;;;;;
Rio Mare EUR;Rio Mare Filodolio May - Jun 2025 (YT) - CPV;08/05/2025;07/06/2025;;;;;;;;;;
Rio Mare EUR;Rio Mare For Oceans Jun 2025 (YT) - CPV;05/06/2025;30/06/2025;;;;;;;;;;
Rio Mare EUR;Rio Mare For Oceans Jun 2025 (YT) - Bumper;05/06/2025;30/06/2025;;;;;;;;;;
Rio Mare EUR;Rio Mare Sicily August 2025 (YT) - CPM;01/08/2025;31/08/2025;;;;;;;;;;
Rio Mare EUR;Rio Mare Pate Mayo October 2025 (YT) - CPM;14/10/2025;14.11.2025;;;;;;;;;;
Rio Mare EUR;Rio Mare Pate Mayo October 2025 (YT) - CPM - 2;20/10/2025;14.11.2025;;;;;;;;;;
Rio Mare EUR;Rio Mare Great Taste December 2025 (YT) - CPM;09/12/2025;31.12.2025;;;;;;;;;;
Knjige svuda i svima;Knjiga svuda i svima - Apr 2025 (DN) - CPC;22/04/2025;30/04/2025;;;;;;;;;;
Panonski Festival Knjige 2025;Panonski festival knjige Slavonija May 2025 - DN;14/05/2025;25/05/2025;;;;;;;;;;
Panonski Festival Knjige 2025;Panonski festival knjige Srbija May 2025 - DN;14/05/2025;25/05/2025;;;;;;;;;;
Bison EUR;Bison Poly Max May - Jun 2025 (YT) - Bumper - CPM;20/05/2025;30/06/2025;;;;;;;;;;
Bison EUR;Bison Bolton - October 2025 (YT) - Bumper;01/10/2025;31/10/2025;;;;;;;;;;
Bison EUR;Bison Bolton - October 2025 (DN) - CPM;01/10/2025;16/10/2025;;;;;;;;;;
Bison EUR;Bison Bolton - October 2025 (DN) - CPM #2;16.10.2025;31/10/2025;;;;;;;;;;
Bison EUR;Bison AirMax November 2025 (DN) - CPM;4.11.2025;30/11/2025;;;;;;;;;;
Bison EUR;Bison AirMax November 2025 (YT) - CPM;4.11.2025;30/11/2025;;;;;;;;;;
BIC;BIC Miss Soleil Jun - Aug 2025 (YT) - Reach Mix - CPM;20/06/2025;15/08/2025;;;;;;;;;;
Pipi;Pipi Jun - Aug 2025 (DN) - CPM;07/07/2025;31/08/2025;;;;;;;;;;
"Mediteranski Festival
";Mediteranski Festival Knjige Sep 2025 (DN) - CPM - Female;17/09/2025;28/09/2025;;;;;;;;;;
"Mediteranski Festival
";Mediteranski Festival Knjige Sep 2025 (DN) - CPM - Male;17/09/2025;28/09/2025;;;;;;;;;;
ZNK - HGK;HGK Knjige svima i svuda Nov 2025 (DN) - CPC;11/11/2025;16/11/2025;;;;;;;;;;
Koestlin;Koestlin Paris - Nov - Dec 2025 - (GDN) - CPM;17/11/2025;21/12/2025;;;;;;;;;;
Hervis Croatia EUR;Hervis Poklon Kartice December 2025 - (DN) - CPM;12/12/2025;24/12/2025;;;;;;;;;;
Belupo;Belupo Rinil - December 2025 - (YT) - CPM;15/12/2025;31/12/2025;;;;;;;;;;
Philips Hrvatska EUR;DG_OMD_HR-HR_ALL_CrossBU_CrossProduct_CrossProduct_NA_GOO_BRD_CRM_Newsletter_27.5.-16.6.2025.;27/05/2025;16.6.2025;;;;;;;;;;
Philips Hrvatska EUR;DG_OMD_HR-HR_GB_OG_OneBladeOther_OneBladeComm.Inn._RECMANOB_GOO_BRD_One Blade_15.1.-30.3.;15/01/2025;30/03/2025;;;;;;;;;;
Philips Hrvatska EUR;PMAX_OMD_HR-HR_GB_OG_OneBladeOther_OneBladeComm.Inn._RECMANOB_GOO_BRD_One Blade_15.1.-30.3.;15/01/2025;30/03/2025;;;;;;;;;;
Philips Hrvatska EUR;VID_OMD_HR-HR_GB_OG_OneBladeOther_OneBladeComm.Inn._RECMANOB_GOO_BRD_One Blade_1.4.-30.5.;02/04/2025;30/05/2025;;;;;;;;;;
Philips Hrvatska EUR;VID_OMD_HR-HR_OHC_PTB_PTBPremium_Prestige9900S_RECMTPTB_GOO_BRD_Sonicare_17.02.-14.04.;18/02/2025;14/04/2025;;;;;;;;;;
Philips Hrvatska EUR;DG_OMD_HR-HR_OHC_PTB_PTBPremium_Prestige9900S_RECMTPTB_GOO_BRD_Sonicare_17.02.-14.04.;18/02/2025;14/04/2025;;;;;;;;;;
Philips Hrvatska EUR;DIS_OMD_HR-HR_OHC_PTB_PTBPremium_Prestige9900S_RECMTPTB_GOO_BRD_Sonicare_17.02.-14.04.;18/02/2025;14/04/2025;;;;;;;;;;
Philips Hrvatska EUR;VID_OMD_HR-HR_GB_BEA_HairCare_DryerCore_NA_GOO_BRD_Flame_4.3.-15.4.2025.;04/03/2025;15/04/2025;;;;;;;;;;
Philips Hrvatska EUR;DG_OMD_HR-HR_GB_BEA_HairCare_DryerCore_NA_GOO_BRD_Flame_4.3.-15.4.2025.;04/03/2025;15/04/2025;;;;;;;;;;
Philips Hrvatska EUR;VID_OMD_HR-HR_GB_BEA_IPLHairRemoval_IPLAcc.&Undivided_NA_GOO_BRD_Lumea_8.4.-30.6.2025.;09/04/2025;30/06/2025;;;;;;;;;;
Philips Hrvatska EUR;DG_OMD_HR-HR_GB_BEA_IPLHairRemoval_IPLAcc.&Undivided_NA_GOO_BRD_Lumea_8.4.-30.6.2025.;09/04/2025;30/06/2025;;;;;;;;;;
Philips Hrvatska EUR;VID_OMD_BA-BS_GB_BEA_IPLHairRemoval_IPLAcc.&Undivided_NA_GOO_BRD_Lumea_8.4.-30.6.2025;09/04/2025;30/06/2025;;;;;;;;;;
Philips Hrvatska EUR;DG_OMD_BA-BS_GB_BEA_IPLHairRemoval_IPLAcc.&Undivided_NA_GOO_BRD_Lumea_8.4.-30.6.2025;09/04/2025;30/06/2025;;;;;;;;;;
Philips Hrvatska EUR;DG_OMD_HR-HR_GB_BEA_HairCare_Straight&CurlerCore_NA_GOO_BRD_Curler 15.04.-15.06.2025.;15/04/2025;15/06/2025;;;;;;;;;;
Philips Hrvatska EUR;VID_OMD_HR-HR_GB_BEA_HairCare_Straight&CurlerCore_NA_GOO_BRD_Curler 15.04.-15.06.2025._2;15/04/2025;15/06/2025;;;;;;;;;;
Philips Hrvatska EUR;VID_OMD_HR-HR_GB_BEA_HairCare_Straight&CurlerCore_NA_GOO_BRD_Curler 15.04.-15.06.2025.;07/05/2025;15/06/2025;;;;;;;;;;
Philips Hrvatska EUR;DG_OMD_HR-HR_GB_OG_GroomingUndiv_GroomingUndivided_NA_GOO_BRD_Multigroom_20.4.-15.6.;20/04/2025;15/06/2025;;;;;;;;;;
Philips Hrvatska EUR;VID_OMD_HR-HR_MCC_MCCUnd_MCCUnd_MCCUnd_NA_GOO_BRD_Vera_18.4.-15.6.2025.;18/04/2025;15/06/2025;;;;;;;;;;
Philips Hrvatska EUR;VID_OMD_HR-HR_GB_OG_OneBladeOther_OneBladeComm.Inn._RECMANOB_GOO_BRD_1st Shave_Teens_1.5.-15.6.;01/05/2025;15/06/2025;;;;;;;;;;
Philips Hrvatska EUR;VID_OMD_HR-HR_GB_OG_OneBladeOther_OneBladeComm.Inn._RECMANOB_GOO_BRD_1st Shave_Parents_1.5.-15.6.;01/05/2025;15/06/2025;;;;;;;;;;
Philips Hrvatska EUR;DG_OMD_HR-HR_GB_OG_OneBladeOther_OneBladeComm.Inn._RECMANOB_GOO_BRD_Intimate_W_1.5.-30.6.;01/05/2025;30/06/2025;;;;;;;;;;
Philips Hrvatska EUR;VID_OMD_HR-HR_GB_OG_OneBladeOther_OneBladeComm.Inn._RECMANOB_GOO_BRD_Intimate_W_1.5.-30.6.;01/05/2025;30/06/2025;;;;;;;;;;
Philips Hrvatska EUR;VID_OMD_HR-HR_OHC_ID_InterdentalUndiv_InterdentalUndiv_NA_GOO_BRD_PowerFlosser_5.5.-4.7.;06/05/2025;04/07/2025;;;;;;;;;;
Philips Hrvatska EUR;DG_OMD_HR-HR_OHC_ID_InterdentalUndiv_InterdentalUndiv_NA_GOO_BRD_PowerFlosser_5.5.-4.7.;06/05/2025;04/07/2025;;;;;;;;;;
Philips Hrvatska EUR;VID_OMD_HR-HR_OHC_PTB_PTBPremium_Prestige9900S_RECMTPTB_GOO_BRD_Sonicare_15.05.-30.06.2025;15/05/2025;30/06/2025;;;;;;;;;;
Philips Hrvatska EUR;DG_OMD_HR-HR_OHC_PTB_PTBPremium_Prestige9900S_RECMTPTB_GOO_BRD_Sonicare_15.05.-30.06.2025;15/05/2025;30/06/2025;;;;;;;;;;
Philips Hrvatska EUR;DG_OMD_HR-HR_GB_OG_OneBladeOther_OneBladeComm.Inn._RECMANOB_GOO_BRD_One Blade 16.6.-20.8.2025.;17/06/2025;20/08/2025;;;;;;;;;;
Philips Hrvatska EUR;PMAX_OMD_HR-HR_GB_OG_OneBladeOther_OneBladeComm.Inn._RECMANOB_GOO_BRD_One Blade 16.6.-20.8.2025.;17/06/2025;20/08/2025;;;;;;;;;;
Philips Hrvatska EUR;VID_OMD_HR-HR_ALL_CrossBU_CrossProduct_CrossProduct_NA_GOO_BRD_Webshop_Campaign_CRO;23/06/2025;30/06/2025;;;;;;;;;;
Philips Hrvatska EUR;VID_OMD_HR-HR_ALL_CrossBU_CrossProduct_CrossProduct_NA_GOO_BRD_Webshop_Campaign_SLO;23/06/2025;30/06/2025;;;;;;;;;;
Philips Hrvatska EUR;VID_OMD_HR-HR_OHC_PTB_PTBPremium_Sonicare8000S_RECMTPTB_GOO_BRD_Sonicare Prismatic_25.6.-20.7.2025.;27/06/2025;20/07/2025;;;;;;;;;;
Philips Hrvatska EUR;VID_OMD_HR-HR_GB_OG_OneBladeOther_OneBladeComm.Inn._RECMANOB_GOO_BRD_One Blade_3.9.-5.10.;03/09/2025;05/10/2025;;;;;;;;;;
Philips Hrvatska EUR;PMAX_OMD_HR-HR_ALL_CrossBU_CrossProduct_CrossProduct_NA_GOO_BRD_Webshop_AO;01/08/2025;31/12/2025;;;;;;;;;;
Philips Hrvatska EUR;PMAX_OMD_HR-HR_ALL_CrossBU_CrossProduct_CrossProduct_NA_GOO_BRD_Webshop_AO_Lumea;18/09/2025;31/12/2025;;;;;;;;;;
Philips Hrvatska EUR;VID_OMD_HR-HR_MCC_MCC_MCCUnd_MCCUndivided_NA_GOO_BRD_Avent_YT_7.11.-30.11.2025;07/11/2025;31/12/2025;;;;;;;;;;
Philips Hrvatska EUR;VID_OMD_HR-HR_GB_OG_OneBladeOther_OneBladeComm.Inn._RECMANOB_GOO_BRD_1st Shave_Teens_5.9.-15.10.2025.;05/09/2025;15/10/2025;;;;;;;;;;
Philips Hrvatska EUR;VID_OMD_HR-HR_GB_OG_OneBladeOther_OneBladeComm.Inn._RECMANOB_GOO_BRD_1st Shave_Parents_5.9.-15.10.2025.;05/09/2025;15/10/2025;;;;;;;;;;
Philips Hrvatska EUR;VID_OMD_HR-HR_GB_BEA_HairCare_Straight&CurlerCore_NA_GOO_BRD_SenseIQ_10.09.-30.10.2025.;18/09/2025;30/10/2025;;;;;;;;;;
Philips Hrvatska EUR;DG_OMD_HR-HR_GB_BEA_HairCare_Straight&CurlerCore_NA_GOO_BRD_SenseIQ_10.09.-30.10.2025.;18/09/2025;30/10/2025;;;;;;;;;;
Philips Hrvatska EUR;PMAX_OMD_HR-HR_GB_BEA_HairCare_Straight&CurlerCore_NA_GOO_BRD_SenseIQ_10.09.-30.10.2025.;18/09/2025;30/10/2025;;;;;;;;;;
Philips Hrvatska EUR;VID_OMD_HR-HR_GB_OG_OneBladeOther_OneBladeComm.Inn._RECMANOB_GOO_BRD_Intimate_W_10.10.-30.11.;15/10/2025;30/11/2025;;;;;;;;;;
Philips Hrvatska EUR;DG_OMD_HR-HR_GB_OG_OneBladeOther_OneBladeComm.Inn._RECMANOB_GOO_BRD_Intimate_W_10.10.-30.11;15/10/2025;30/11/2025;;;;;;;;;;
Philips Hrvatska EUR;VID_OMD_HR-HR_OHC_PTB_PTBPremium_Prestige9900S_RECMTPTB_GOO_BRD_Sonicare_15.10.-24.12.2025;15/10/2025;24/12/2025;;;;;;;;;;
Philips Hrvatska EUR;DG_OMD_HR-HR_OHC_PTB_PTBPremium_Prestige9900S_RECMTPTB_GOO_BRD_Sonicare_15.10.-24.12.2025;15/10/2025;24/12/2025;;;;;;;;;;
Philips Hrvatska EUR;PMAX_OMD_HR-HR_OHC_PTB_PTBPremium_Prestige9900S_RECMTPTB_GOO_BRD_Sonicare_15.10.-24.12.2025;15/10/2025;24/12/2025;;;;;;;;;;
Philips Hrvatska EUR;DG_OMD_HR-HR_GB_OG_OneBladeOther_OneBladeComm.Inn._RECMANOB_GOO_BRD_One Blade 15.10-15.12.2025.;15/10/2025;15/12/2025;;;;;;;;;;
Philips Hrvatska EUR;PMAX_OMD_HR-HR_GB_OG_OneBladeOther_OneBladeComm.Inn._RECMANOB_GOO_BRD_One Blade 15.10-15.12.2025.;15/10/2025;15/12/2025;;;;;;;;;;
Philips Hrvatska EUR;DG_OMD_HR-HR_GB_OG_Grooming_GroomingUndivided_NA_GOO_BRD_Multigroom_20.09.-10.11.;20/10/2025;10/11/2025;;;;;;;;;;
Philips Hrvatska EUR;PMAX_OMD_HR-HR_GB_OG_Grooming_GroomingUndivided_NA_GOO_BRD_Multigroom_20.09.-10.11.;20/10/2025;30/11/2025;;;;;;;;;;
Philips Hrvatska EUR;VID_OMD_HR-HR_GB_BEA_IPLHairRemoval_IPLAcc.&Undivided_NA_GOO_BRD_Lumea_YT_20.10.-31.12.2025.;22/10/2025;31/12/2025;;;;;;;;;;
Philips Hrvatska EUR;DG_OMD_HR-HR_GB_BEA_IPLHairRemoval_IPLAcc.&Undivided_NA_GOO_BRD_Lumea_DG_20.10.-31.12.2025.;22/10/2025;31/12/2025;;;;;;;;;;
Philips Hrvatska EUR;DIS_OMD_HR-HR_GB_BEA_IPLHairRemoval_IPLAcc.&Undivided_NA_GOO_BRD_Lumea_GDN_20.10.-31.12.2025.;22/10/2025;31/12/2025;;;;;;;;;;
Philips Hrvatska EUR;PMAX_OMD_HR-HR_GB_BEA_IPLHairRemoval_IPLAcc.&Undivided_NA_GOO_BRD_Lumea_PMAX_20.10.-31.12.2025.;22/10/2025;31/12/2025;;;;;;;;;;
Philips Hrvatska EUR;VID_OMD_BA-BS_GB_BEA_IPLHairRemoval_IPLAcc.&Undivided_NA_GOO_BRD_Lumea_YT_20.10.-31.12.2025.;22/10/2025;31/12/2025;;;;;;;;;;
Philips Hrvatska EUR;DIS_OMD_BA-BS_GB_BEA_IPLHairRemoval_IPLAcc.&Undivided_NA_GOO_BRD_Lumea_GDN_Awareness_20.10.-31.12.2025.;22/10/2025;31/12/2025;;;;;;;;;;
Philips Hrvatska EUR;DIS_OMD_BA-BS_GB_BEA_IPLHairRemoval_IPLAcc.&Undivided_NA_GOO_BRD_Lumea_GDN_Consideration_20.10.-31.12.2025.;22/10/2025;31/12/2025;;;;;;;;;;
Philips Hrvatska EUR;DG_OMD_BA-BS_GB_BEA_IPLHairRemoval_IPLAcc.&Undivided_NA_GOO_BRD_Lumea_DG_20.10.-31.12.2025.;22/10/2025;31/12/2025;;;;;;;;;;
Philips Hrvatska EUR;DG_OMD_BA-BS_GB_OG_OneBladeOther_OneBladeComm.Inn._RECMANOB_GOO_BRD_OneBlade_DG_Consideration_1.11.-15.12.2025.;03/11/2025;15/12/2025;;;;;;;;;;
Philips Hrvatska EUR;DIS_OMD_BA-BS_GB_OG_OneBladeOther_OneBladeComm.Inn._RECMANOB_GOO_BRD_OneBlade_GDN_Consideration_1.11.-15.12.2025.;03/11/2025;15/12/2025;;;;;;;;;;
Philips Hrvatska EUR;DIS_OMD_BA-BS_GB_OG_OneBladeOther_OneBladeComm.Inn._RECMANOB_GOO_BRD_OneBlade_GDN_Awareness_1.11.-15.12.2025.;03/11/2025;15/12/2025;;;;;;;;;;
Philips Hrvatska EUR;"VID_OMD_BA-BS_GB_OG_OneBladeOther_OneBladeComm.Inn._RECMANOB_GOO_BRD_OneBlade_YT_1.11.-15.12.2025.
";03/11/2025;15/12/2025;;;;;;;;;;
Philips Hrvatska EUR;DG_OMD_HR-HR_GB_BEA_HairCare_DryerCore_NA_GOO_BRD_Flame_DG_1.11.-31.12.2025.;07/11/2025;31/12/2025;;;;;;;;;;
Philips Hrvatska EUR;VID_OMD_HR-HR_GB_BEA_HairCare_DryerCore_NA_GOO_BRD_Flame_YT_1.11.-31.12.2025.;07/11/2025;31/12/2025;;;;;;;;;;
Philips Hrvatska EUR;VID_OMD_HR-HR_GB_S_ShavingUnd_ShavingUndivided_NA_GOO_BRD_Shaving_YT_14.11.-31.12.2025.;20/11/2025;31/12/2025;;;;;;;;;;
Philips Hrvatska EUR;DG_OMD_HR-HR_GB_S_ShavingUnd_ShavingUndivided_NA_GOO_BRD_Shaving_DG_14.11.-31.12.2025.;20/11/2025;31/12/2025;;;;;;;;;;
Philips Hrvatska EUR;DIS_OMD_HR-HR_GB_S_ShavingUnd_ShavingUndivided_NA_GOO_BRD_Shaving_GDN_14.11.-31.12.2025.;20/11/2025;31/12/2025;;;;;;;;;;
Philips Hrvatska EUR;PMAX_OMD_HR-HR_GB_S_ShavingUnd_ShavingUndivided_NA_GOO_BRD_Shaving_PMAX_14.11.-31.12.2025.;20/11/2025;31/12/2025;;;;;;;;;;
Eltus Croatia;Demand Gen Croatia Webshop;23/06/2025;30/06/2025;;;;;;;;;;
Eltus Croatia;Performance Max Croatia Webshop;23/06/2025;30/06/2025;;;;;;;;;;
Eltus Croatia;Demand Gen Croatia KeyVisuals;23/06/2025;30/06/2025;;;;;;;;;;
Eltus Croatia;Performance Max Croatia KeyVisuals;23/06/2025;30/06/2025;;;;;;;;;;
Eltus Croatia;Demand Gen Croatia Domestic Appliances July 2025 - Versuni;03/07/2025;31/07/2025;;;;;;;;;;
Eltus Croatia;Performance Max Croatia July 2025 KeyVisuals - PH;04/07/2025;31/07/2025;;;;;;;;;;
Eltus Croatia;Demand Gen Croatia August 2025 KeyVisuals - PH;04/08/2025;31/08/2025;;;;;;;;;;
Eltus Croatia;Demand Gen Croatia August 2025 Domestic Appliances - Versuni;04/08/2025;31/08/2025;;;;;;;;;;
Eltus Croatia;Performance Max Croatia Sep - Dec 2025 Domestic Appliances - Versuni;01/09/2025;30/09/2025;;;;;;;;;;
Eltus Croatia;Demand Gen Croatia September 2025 KeyVisuals - PH;01/09/2025;30/09/2025;;;;;;;;;;
Eltus Croatia;Performance Max Croatia Sep - Dec 2025 Domestic Appliances - Versuni;08/10/2025;31/10/2025;;;;;;;;;;
Eltus Croatia;Demand Gen Croatia October 2025 KeyVisuals - PH;09/10/2025;31/10/2025;;;;;;;;;;
Eltus Croatia;Performance Max Croatia October 2025 - Avent;09/10/2025;31/10/2025;;;;;;;;;;
Eltus Croatia;Demand Gen Croatia November 2025 KeyVisuals - PH;03/11/2025;30/11/2025;;;;;;;;;;
Eltus Croatia;Performance Max Croatia Sep - Dec 2025 Domestic Appliances - Versuni;03/11/2025;30/11/2025;;;;;;;;;;
Eltus Croatia;Performance Max Croatia Sep - Dec 2025 Domestic Appliances - Versuni;02/12/2025;31/12/2025;;;;;;;;;;
Porsche Volkswagen osobna vozila 2023;Volkswagen AE Boost March 2025 (DG) - CPC;05/03/2025;30/03/2025;;;;;;;;;;
Porsche Volkswagen osobna vozila 2023;Volkswagen AE Boost March 2025 (DN) - CPC;05/03/2025;30/03/2025;;;;;;;;;;
Porsche Volkswagen osobna vozila 2023;Volkswagen AE Boost March 2025 (YT) - Bumper - CPM;05/03/2025;30/03/2025;;;;;;;;;;
Porsche Volkswagen osobna vozila 2023;Volkswagen AE Boost March 2025 (YT) - VVC - CPV;05/03/2025;30/03/2025;;;;;;;;;;
Porsche Volkswagen osobna vozila 2023;Volkswagen Gume Mar - Apr 2025 (DG) - CPC;24/03/2025;21/04/2025;;;;;;;;;;
Porsche Volkswagen osobna vozila 2023;Volkswagen Gume Mar - Apr 2025 (PMAX) - CPA;24/03/2025;21/04/2025;;;;;;;;;;
Porsche Volkswagen osobna vozila 2023;Volkswagen Servisni paketi - Metlice Apr - May 2025 (DG) - CPC;01/04/2025;09/05/2025;;;;;;;;;;
Porsche Volkswagen osobna vozila 2023;Volkswagen Servisni paketi - Ulje Apr - May 2025 (DG) - CPC;09/04/2025;09/05/2025;;;;;;;;;;
Porsche Volkswagen osobna vozila 2023;Volkswagen Servisni paketi - Metlice Apr - May 2025 (PMAX) - CPA;01/04/2025;09/05/2025;;;;;;;;;;
Porsche Volkswagen osobna vozila 2023;Volkswagen Servisni paketi - Ulje Apr - May 2025 (PMAX) - CPA;09/04/2025;09/05/2025;;;;;;;;;;
Porsche Volkswagen osobna vozila 2023;Volkswagen Tayron - April/May 2025 (DG) - CPC;07/04/2025;25/05/2025;;;;;;;;;;
Porsche Volkswagen osobna vozila 2023;Volkswagen Tayron - April/May 2025 (PMAX) - CPA;07/04/2025;25/05/2025;;;;;;;;;;
Porsche Volkswagen osobna vozila 2023;Volkswagen Tayron - April/May 2025 (YT) - Reach Mix - CPM;07/04/2025;25/05/2025;;;;;;;;;;
Porsche Volkswagen osobna vozila 2023;Volkswagen PHEV Jun-Aug 2025 (YT) - Reach Mix - CPM;26/06/2025;31/08/2025;;;;;;;;;;
Porsche Volkswagen osobna vozila 2023;Volkswagen PHEV Jun-Aug 2025 (DG) - CPC;26/06/2025;31/08/2025;;;;;;;;;;
Porsche Volkswagen osobna vozila 2023;Volkswagen PHEV Sep - Oct 2025 (YT) - CPM;11/09/2025;31/10/2025;;;;;;;;;;
Porsche Volkswagen osobna vozila 2023;Volkswagen PHEV Sep - Oct 2025 (DG) - CPC;11/09/2025;31/10/2025;;;;;;;;;;
Porsche Volkswagen osobna vozila 2023;Volkswagen PHEV Sep - Oct 2025 (PMAX) - CPA;11/09/2025;31/10/2025;;;;;;;;;;
Porsche Volkswagen osobna vozila 2023;Volkswagen Gume Oct - Dec 2025 (DG) - CPC;20/10/2025;07/12/2025;;;;;;;;;;
Porsche Volkswagen osobna vozila 2023;Volkswagen Metlice Oct - Dec 2025 (DG) - CPC;20/10/2025;31/12/2025;;;;;;;;;;
Porsche Volkswagen osobna vozila 2023;Volkswagen Gume Oct - Dec 2025 (PMAX) - CPA;20/10/2025;07/12/2025;;;;;;;;;;
Porsche Volkswagen osobna vozila 2023;Volkswagen Metlice Oct - Dec 2025 (PMAX) - CPA;20/10/2025;07/12/2025;;;;;;;;;;
Porsche Volkswagen osobna vozila 2023;Volkswagen Zupčasti remen Oct - Dec 2025 (DG) - CPC;28/10/2025;31/12/2025;;;;;;;;;;
Porsche Volkswagen osobna vozila 2023;Volkswagen Zupčasti remen Oct - Dec 2025 (PMAX) - CPA;28/10/2025;14/12/2025;;;;;;;;;;
Porsche Volkswagen osobna vozila 2023;Volkswagen Akumulator Nov - Dec 2025 (DG) - CPC;10/11/2025;30/12/2025;;;;;;;;;;
Porsche Volkswagen osobna vozila 2023;Volkswagen Akumulator Nov - Dec 2025 (PMAX) - CPA;10/11/2025;30/12/2025;;;;;;;;;;
Porsche Volkswagen gospodarska vozila 2023;Volkswagen Transporter Apr-May 2025 (YT) - Reach Mix - CPM;05/04/2025;04/05/2025;;;;;;;;;;
Porsche Volkswagen gospodarska vozila 2023;Volkswagen Transporter Apr-May 2025 (DN) - CPC;05/04/2025;04/05/2025;;;;;;;;;;
Porsche Cupra 2023;Cupra Formentor PHEV - Mar-Apr 2025 (DG) - CPC;21/03/2025;13/04/2025;;;;;;;;;;
Porsche Cupra 2023;Cupra Formentor PHEV - Mar-Apr 2025 (PMAX) - CPA;21/03/2025;13/04/2025;;;;;;;;;;
Porsche Cupra 2023;Cupra Formentor PHEV II - May 2025 (DG) - CPC;09/05/2025;30/05/2025;;;;;;;;;;
Porsche Cupra 2023;Cupra Formentor PHEV II - May 2025 (PMAX) - CPA;09/05/2025;30/05/2025;;;;;;;;;;
Porsche Cupra 2023;Cupra Formentor PHEV - May - Jun 2025 (YT) - CPM;23/05/2025;13/06/2025;;;;;;;;;;
Porsche Cupra 2023;Cupra Formentor PHEV - May - Jun 2025 (DG) - CPC;23/05/2025;13/06/2025;;;;;;;;;;
Porsche Cupra 2023;Cupra Formentor PHEV - May - Jun 2025 (PMAX) - CPA;23/05/2025;13/06/2025;;;;;;;;;;
Porsche Cupra 2023;Cupra Formentor Jul - Aug 2025 (YT) - CPM;11/07/2025;31/08/2025;;;;;;;;;;
Porsche Cupra 2023;Cupra Formentor Jul - Aug 2025 (DG) - CPC;11/07/2025;31/08/2025;;;;;;;;;;
Porsche Cupra 2023;Cupra BEV - Poticaji - Oct 2025 (DN) - CPC;03/10/2025;31/10/2025;;;;;;;;;;
Porsche Cupra 2023;Cupra Terramar Oct 2025 (YT) - Efficient reach;20/10/2025;13/11/2025;;;;;;;;;;
Porsche Cupra 2023;Cupra Terramar Oct 2025 (DN) - CPM;20/10/2025;13/11/2025;;;;;;;;;;
Porsche Cupra 2023;Cupra Range Dec 2025 (YT) - Efficient reach (nije postavljeno);20/12/2025;30/12/2025;;;;;;;;;;
Porsche Cupra 2023;Cupra Range Dec 2025 (GDN) - CPM;20/12/2025;30/12/2025;;;;;;;;;;
Porsche Škoda 2023;Škoda Gume Mar - Apr 2025 (DG) - CPC;24/03/2025;21/04/2025;;;;;;;;;;
Porsche Škoda 2023;Škoda Gume Mar - Apr 2025 (PMAX) - CPA;24/03/2025;21/04/2025;;;;;;;;;;
Porsche Škoda 2023;Škoda Servisni paketi - Metlice Apr - May 2025 (DG) - CPC;01/04/2025;09/05/2025;;;;;;;;;;
Porsche Škoda 2023;Škoda Servisni paketi - Ulje Apr - May 2025 (DG) - CPC;09/04/2025;09/05/2025;;;;;;;;;;
Porsche Škoda 2023;Škoda Servisni paketi - Metlice Apr - May 2025 (PMAX) - CPA;01/04/2025;09/05/2025;;;;;;;;;;
Porsche Škoda 2023;Škoda Servisni paketi - Ulje Apr - May 2025 (PMAX) - CPA;09/04/2025;09/05/2025;;;;;;;;;;
Porsche Škoda 2023;Škoda Elroq Apr - May 2025 (DG) - CPC;22/04/2025;20/05/2025;;;;;;;;;;
Porsche Škoda 2023;Škoda Elroq Apr - May 2025 (PMAX) - CPA;22/04/2025;20/05/2025;;;;;;;;;;
Porsche Škoda 2023;Škoda Elroq Apr - May 2025 (YT) - Reach Mix - CPM;22/04/2025;20/05/2025;;;;;;;;;;
Porsche Škoda 2023;Škoda Kodiaq May-Jun 2025 (YT) - CPM;15/05/2025;15/06/2025;;;;;;;;;;
Porsche Škoda 2023;Škoda Kodiaq May-Jun 2025 (DG) - CPC;15/05/2025;15/06/2025;;;;;;;;;;
Porsche Škoda 2023;Škoda Superb May-Jun 2025 (YT) - CPM;15/05/2025;15/06/2025;;;;;;;;;;
Porsche Škoda 2023;Škoda Superb May-Jun 2025 (DG) - CPC;15/05/2025;15/06/2025;;;;;;;;;;
Porsche Škoda 2023;Škoda Superb PHEV August 2025 (YT) - CPM;01/08/2025;31/08/2025;;;;;;;;;;
Porsche Škoda 2023;Škoda Superb PHEV August 2025 (DG) - CPC;01/08/2025;31/08/2025;;;;;;;;;;
Porsche Škoda 2023;Škoda Kodiaq PHEV August 2025 (YT) - CPM;01/08/2025;31/08/2025;;;;;;;;;;
Porsche Škoda 2023;Škoda Kodiaq PHEV August 2025 (DG) - CPC;01/08/2025;31/08/2025;;;;;;;;;;
Porsche Škoda 2023;Škoda Gume Oct - Dec 2025 (DG) - CPC;20/10/2025;07/12/2025;;;;;;;;;;
Porsche Škoda 2023;Škoda Gume Oct - Dec 2025 (PMAX) - CPA;20/10/2025;07/12/2025;;;;;;;;;;
Porsche Škoda 2023;Škoda Metlice Oct - Dec 2025 (DG) - CPC;20/10/2025;07/12/2025;;;;;;;;;;
Porsche Škoda 2023;Škoda Metlice Oct - Dec 2025 (PMAX) - CPA;20/10/2025;07/12/2025;;;;;;;;;;
Porsche Škoda 2023;Škoda Zupčasti remen Oct - Dec 2025 (DG) - CPC;28/10/2025;31/12/2025;;;;;;;;;;
Porsche Škoda 2023;Škoda Zupčasti remen Oct - Dec 2025 (PMAX) - CPA;28/10/2025;14/12/2025;;;;;;;;;;
Porsche Škoda 2023;Škoda 130 godina Nov - Dec 2025 (YT) Efficient reach - CPM;07/11/2025;07/12/2025;;;;;;;;;;
Porsche Škoda 2023;Škoda 130 godina Nov - Dec 2025 (GDN) - CPC;07/11/2025;07/12/2025;;;;;;;;;;
Porsche Škoda 2023;Škoda Akumulator Nov - Dec 2025 (DG) - CPC;10/11/2025;30/12/2025;;;;;;;;;;
Porsche Škoda 2023;Škoda Akumulator Nov - Dec 2025 (PMAX) - CPA;10/11/2025;30/12/2025;;;;;;;;;;
Porsche Škoda 2023;Škoda Octavia Dec 2025 (YT) - Efficient Reach - CPM;10/12/2025;23/12/2025;;;;;;;;;;
Porsche Seat 2023;Seat Gume Mar - Apr 2025 (DG) - CPC;24/03/2025;21/04/2025;;;;;;;;;;
Porsche Seat 2023;Seat Gume Mar - Apr 2025 (PMAX) - CPA;24/03/2025;21.04.2025;;;;;;;;;;
Porsche Seat 2023;Seat Metlice Apr - May 2025 (DG) - CPC;01/04/2025;09.05.2025;;;;;;;;;;
Porsche Seat 2023;Seat Ulje Apr - May 2025 (DG) - CPC;09/04/2025;09.05.2025;;;;;;;;;;
Porsche Seat 2023;Seat Metlice Apr - May 2025 (PMAX) - CPA;01/04/2025;09.05.2025;;;;;;;;;;
Porsche Seat 2023;Seat Ulje Apr - May  2025 (PMAX) - CPA;09/04/2025;09.05.2025;;;;;;;;;;
Porsche Seat 2023;Seat Metlice Oct - Dec 2025 (DG) - CPC;20/10/2025;31/12/2025;;;;;;;;;;
Porsche Seat 2023;Seat Metlice Oct - Dec 2025 (PMAX) - CPA;20/10/2025;07.12.2025;;;;;;;;;;
Porsche Seat 2023;Seat Gume Oct - Dec 2025 (DG) - CPC;20/10/2025;07.12.2025;;;;;;;;;;
Porsche Seat 2023;Seat Gume Oct - Dec 2025 (PMAX) - CPA;20/10/2025;07.12.2025;;;;;;;;;;
Porsche Seat 2023;Seat Zupčasti remen Oct - Dec 2025 (DG) - CPC;27/10/2025;31/12/2025;;;;;;;;;;
Porsche Seat 2023;Seat Zupčasti remen Oct - Dec 2025 (PMAX) - CPA;27/10/2025;14.12.2025;;;;;;;;;;
Porsche Seat 2023;Seat Akumulator Nov - Dec 2025 (DG) - CPC;10/11/2025;30.12.2025;;;;;;;;;;
Porsche Seat 2023;Seat Akumulator Nov - Dec 2025 (PMAX) - CPA;10/11/2025;30.12.2025;;;;;;;;;;
Porsche Audi 2023;Audi Gume Mar - Apr 2025 (DG) - CPC;24/03/2025;21.04.2025;;;;;;;;;;
Porsche Audi 2023;Audi Gume Mar - Apr 2025 (PMAX) - CPA;24/03/2025;21.04.2025;;;;;;;;;;
Porsche Audi 2023;Audi Servisni paketi -  Metlice Apr - May 2025 (DG) - CPC;01/04/2025;09/05/2025;;;;;;;;;;
Porsche Audi 2023;Audi Servisni paketi - Ulje Apr - May 2025 (DG) - CPC;09/04/2025;09/05/2025;;;;;;;;;;
Porsche Audi 2023;Audi Servisni paketi - Metlice Apr - May 2025 (PMAX) - CPA;01/04/2025;09/05/2025;;;;;;;;;;
Porsche Audi 2023;Audi Servisni paketi -  Ulje Apr - May 2025 (PMAX) - CPA;09/04/2025;09/05/2025;;;;;;;;;;
Porsche Audi 2023;Audi A6 Aug - Sep 2025 (YT) - Reach mix - CPM;27/08/2025;30/09/2025;;;;;;;;;;
Porsche Audi 2023;Audi A6 Aug - Sep 2025 (DN) - CPM;27/08/2025;30/09/2025;;;;;;;;;;
Porsche Audi 2023;Audi Gume Oct - Dec 2025 (PMAX) - CPA;20/10/2025;07/12/2025;;;;;;;;;;
Porsche Audi 2023;Audi Gume Oct - Dec 2025 (DG) - CPC;20/10/2025;07/12/2025;;;;;;;;;;
Porsche Audi 2023;Audi Metlice Oct - Dec 2025 (DG) - CPC;22/10/2025;31/12/2025;;;;;;;;;;
Porsche Audi 2023;Audi Metlice Oct - Dec 2025 (PMAX) - CPA;22/10/2025;07/12/2025;;;;;;;;;;
Porsche Audi 2023;Audi Zupčasti remen Oct - Dec 2025 (DG) - CPC;27/10/2025;31/12/2025;;;;;;;;;;
Porsche Audi 2023;Audi Zupčasti remen Oct - Dec 2025 (PMAX) - CPA;27/10/2025;14/12/2025;;;;;;;;;;
Porsche Audi 2023;Audi Akumulator Nov - Dec 2025 (DG) - CPC;10/11/2025;30/12/2025;;;;;;;;;;
Porsche Audi 2023;Audi Akumulator Nov - Dec 2025 (PMAX) - CPA;10/11/2025;30/12/2025;;;;;;;;;;
Porsche Audi 2023;Audi Q3 Nov - Dec 2025 - (YT)  Efficient reach - CPM;07/11/2025;30/11/2025;;;;;;;;;;
Porsche Osobna Vozila;Porsche Macan SUV EL - Apr - Jul 2025 - Reach Mix;11/04/2025;31/07/2025;;;;;;;;;;
Porsche Osobna Vozila;Porsche Macan SUV EL - Apr - Jul 2025 - (GDN) - CPC;15/04/2025;31/07/2025;;;;;;;;;;
Porsche Osobna Vozila;Porsche Macan SUV EL - Apr - Jul 2025 - (DG) - CPC;24/04/2025;31/07/2025;;;;;;;;;;
Porsche Osobna Vozila;Porsche Macan SUV EL - Apr - Jul 2025 - (S) - CPC;24/04/2025;31/07/2025;;;;;;;;;;
Porsche Osobna Vozila;Porsche Pia Aug-Dec 2025 (S) - CPC;01/08/2025;31/12/2025;;;;;;;;;;
Porsche Osobna Vozila;Porsche Pia Aug 2025 (DN) - CPC;01/08/2025;31/08/2025;;;;;;;;;;
Porsche Osobna Vozila;Porsche Pia Sept 2025 (DG) - CPC;02/09/2025;30/09/2025;;;;;;;;;;
Porsche Osobna Vozila;Porsche Pia Oct 2025 (DN) - CPC;07/10/2025;31/10/2025;;;;;;;;;;
Porsche Osobna Vozila;Porsche Pia Oct 2025 (DG) - CPC;07/10/2025;31/10/2025;;;;;;;;;;
Porsche Osobna Vozila;Porsche Pia Oct 2025 (PMAX) - CPA;07/10/2025;31/10/2025;;;;;;;;;;
Porsche Osobna Vozila;Porsche Pia Nov 2025 (GDN) - CPC;04/11/2025;30/11/2025;;;;;;;;;;
Porsche Osobna Vozila;Porsche Pia Nov 2025 (DG) - CPC;04/11/2025;30/11/2025;;;;;;;;;;
Porsche Osobna Vozila;Porsche Pia Nov 2025 (PMAX) - CPA;04/11/2025;30/11/2025;;;;;;;;;;
Porsche Moon 2023;Porsche Moon May - Jul 2025 - (DG) - CPC;20/05/2025;13/07/2025;;;;;;;;;;
Porsche Moon 2023;Porsche Moon May - Jul 2025 - (DN) - CPC;20/05/2025;13/07/2025;;;;;;;;;;
Porsche Moon 2023;Porsche Moon May - Jul 2025 - (YT) - VVC;20/05/2025;13/07/2025;;;;;;;;;;
Porsche Moon 2023;Porsche Moon May - Jul 2025 - (S) - CPC;20/05/2025;13/07/2025;;;;;;;;;;
Porsche Moon 2023;Porsche Moon Oct - Dec 2025 - (DG) - CPC;08/10/2025;30/12/2025;;;;;;;;;;
Porsche Moon 2023;Porsche Moon Oct - Dec 2025 - (DN) - CPC;08/10/2025;30/12/2025;;;;;;;;;;
Porsche Moon 2023;Porsche Moon Oct - Dec 2025 - (YT) - VVC;08/10/2025;30/12/2025;;;;;;;;;;
Porsche Moon 2023;Porsche Moon Oct - Dec 2025 - (PMAX) - CPA;08/10/2025;30/12/2025;;;;;;;;;;
Porsche Das Welt Auto 2023;Porsche DWA PIA  - Jun 2025 (S) - Split;02/06/2025;30/06/2025;;;;;;;;;;
Porsche Das Welt Auto 2023;Porsche DWA Oct - Dec 2025 (YT) - Efficient reach - CPM;31/10/2025;05/12/2025;;;;;;;;;;
Porsche Das Welt Auto 2023;Porsche DWA Oct - Dec 2025 (GDN) - CPC;31/10/2025;05/12/2025;;;;;;;;;;
Porsche Das Welt Auto 2023;Porsche DWA Oct - Dec 2025 (DG) - CPC;31/10/2025;05/12/2025;;;;;;;;;;
Porsche Das Welt Auto 2023;Porsche DWA Oct - Dec 2025 (S) - CPC;31/10/2025;05/12/2025;;;;;;;;;;
Porsche Das Welt Auto 2023;Porsche DWA PIA - Nov - Dec 2025 (S) - Split;15/11/2025;11/12/2025;;;;;;;;;;
CEE//HR//L//SPD//Expressive Clothes//Perwoll;202501//Perwoll//Glam 2025//RethinkNew//Trueview;06/01/2025;31.3.2025;;;;;;;;;;
CEE//HR//L//SPD//Expressive Clothes//Perwoll;202501//Perwoll//Glam 2025//RethinkNew//Bumper;06/01/2025;31.3.2025;;;;;;;;;;
CEE//HR//L//SPD//Expressive Clothes//Perwoll;202505//Perwoll//Perwoll_FCA Touch of New B 25//Touch of New//Trueview;09/06/2025;28.9.2025;;;;;;;;;;
CEE//HR//L//SPD//Expressive Clothes//Perwoll - DV360;202510//Perwoll//Glam 2025//RethinkNew;13/10/2025;31.12.2025;;;;;;;;;;
CEE//HR//L//HDD Leading Premium//Perfect Cleanliness//Persil;202501//Persil//Persil You Always Give Your Best//Persil You Always Give Your Best//video//Trueview//W35-54 - Kitman;16/01/2025;5.5.2025;;;;;;;;;;
CEE//HR//L//HDD Leading Premium//Perfect Cleanliness//Persil;202501//Persil//Persil You Always Give Your Best//Persil You Always Give Your Best//video//Trueview//W25-54 - Couple;16/01/2025;5.5.2025;;;;;;;;;;
CEE//HR//L//HDD Leading Premium//Perfect Cleanliness//Persil;202501//Persil//Persil You Always Give Your Best//Persil You Always Give Your Best//video//Trueview//W25-34 - Consultant;16/01/2025;5.5.2025;;;;;;;;;;
CEE//HR//L//HDD Leading Premium//Perfect Cleanliness//Persil;202505//Persil//Persil_FCN YAGYB ANZ & EU B 25//YAGYB ANZ & EU//video//Trueview;23/05/2025;30.8.2025;;;;;;;;;;
CEE//HR//L//HDD Leading Premium//Perfect Cleanliness//Persil;202505//Persil//Persil_FCN YAGYB ANZ & EU B 25//YAGYB ANZ & EU//video//Bumper;23/05/2025;30.8.2025;;;;;;;;;;
CEE//HR//L//HDD Leading Premium//Perfect Cleanliness//Persil - DV360;202509//Persil//Persil_FCN YAGYB ANZ & EU B 25//YAGYB ANZ & EU;22/09/2025;31.12.2025;;;;;;;;;;
CEE//HR//L//ADW//Disburdening//Somat;202501//Somat//Somat Excellence Premium 5in1//5in1 Cap - Life happens//video//Trueview//W25-54;06/01/2025;6.7.2025;;;;;;;;;;
CEE//HR//L//ADW//Disburdening//Somat;202501//Somat//Somat Excellence Premium 5in1//5in1 Cap - Life happens//video//Trueview//W35-54 with kids;06/01/2025;6.7.2025;;;;;;;;;;
CEE//HR//L//ADW//Disburdening//Somat;202501//Somat//Somat Excellence Premium 5in1//5in1 Cap - Life happens//video//Trueview//All25-34 no kids;06/01/2025;6.7.2025;;;;;;;;;;
CEE//HR//L//ADW//Disburdening//Somat;202501//Somat//Somat Excellence Premium 5in1//5in1 Cap - Life happens//video//Bumper//W25-54;06/01/2025;6.7.2025;;;;;;;;;;
CEE//HR//L//ADW//Disburdening//Somat;202501//Somat//Somat Excellence Premium 5in1//5in1 Cap - Life happens//video//Bumper//W35-54 with kids;06/01/2025;6.7.2025;;;;;;;;;;
CEE//HR//L//ADW//Disburdening//Somat;202501//Somat//Somat Excellence Premium 5in1//5in1 Cap - Life happens//video//Bumper//All25-34 no kids;06/01/2025;6.7.2025;;;;;;;;;;
CEE//HR//L//ADW//Disburdening//Somat - DV360;202507//Somat//Somat_ADW ADD RL25//Magnifier ADD RL 25//video;21/07/2025;19.10.2025;;;;;;;;;;
CEE//HR//L//ADW//Disburdening//Somat - DV360;202511//Somat//Somat Excellence Premium 5in1//video;07/11/2025;31.12.2025;;;;;;;;;;
CEE//HR//B//Hair Care//Gliss Care//Gliss;202501//Gliss//Gliss Brand Support 2025 (SKMB)//Relaunch Gliss Shampoo 2025//video//TrueView;06/01/2025;2.3.2025;;;;;;;;;;
CEE//HR//B//Hair Care//Gliss Care//Gliss;202501//Gliss//Gliss Brand Support 2025 (SKMB)//Relaunch Gliss Shampoo 2025//video//Bumper;06/01/2025;2.3.2025;;;;;;;;;;
CEE//HR//B//Hair Care//Gliss Care//Gliss;202504//Gliss//Gliss_CAR FH Wonder EU B 25//Gliss_CAR FH Wonder EU B 25//video//TrueView;25/04/2025;25.5.2025;;;;;;;;;;
CEE//HR//B//Hair Care//Gliss Care//Gliss;202504//Gliss//Gliss_CAR FH Wonder EU B 25//Gliss_CAR FH Wonder EU B 25//video//Bumper;25/04/2025;25.5.2025;;;;;;;;;;
CEE//HR//B//Hair Care//Gliss Care//Gliss;202506//Gliss//Gliss_CAR Liquid Silk LX 24//Gliss_CAR Liquid Silk LX//video//TrueView;02/06/2025;11.8.2025;;;;;;;;;;
CEE//HR//B//Hair Care//Gliss Care//Gliss;202506//Gliss//Gliss_CAR Liquid Silk LX 24//Gliss_CAR Liquid Silk LX//video//Bumper;02/06/2025;11.8.2025;;;;;;;;;;
CEE//HR//B//Hair Care//Gliss Care//Gliss - DV360;202508//Gliss//Gliss_CAR FH Wonder EU B 25//Gliss_CAR FH Wonder EU B 25//video;18/08/2025;26.10.2025;;;;;;;;;;
CEE//HR//B//Hair Care//Gliss Care//Gliss - DV360;202511/Gliss//Gliss Oil Nutritive//Gliss Oil Nutritive 2025;06/11/2025;31.12.2025;;;;;;;;;;
CEE//HR//B//Hair Colorants//Syoss Color//Syoss Color;202501//Syoss Care//Syoss Care Masterbrand Intense Plex 2024//Launch Syoss Care Masterbrand Intense Plex 2024//video//Trueview;06/01/2025;6.4.2025;;;;;;;;;;
CEE//HR//B//Hair Colorants//Syoss Color//Syoss Color;202501//Syoss Care//Syoss Care Masterbrand Intense Plex 2024//Launch Syoss Care Masterbrand Intense Plex 2024//video//Bumper;06/01/2025;6.4.2025;;;;;;;;;;
CEE//HR//B//Hair Colorants//Syoss Color//Syoss Color;202501//Syoss Color//SK Color Oleo Intense 2024//SK Color Oleo Intense 2024//video//Trueview;21/01/2025;7.4.2025;;;;;;;;;;
CEE//HR//B//Hair Colorants//Syoss Color//Syoss Color;202501//Syoss Color//SK Color Oleo Intense 2024//SK Color Oleo Intense 2024//video//Bumper;21/01/2025;7.4.2025;;;;;;;;;;
CEE//HR//B//Hair Colorants//Syoss Color//Syoss Color;202504//Syoss Color//Syoss_COL Keratin RL 25//Syoss_COL Keratin RL 25//video//Trueview;08/05/2025;30.6.2025;;;;;;;;;;
CEE//HR//B//Hair Colorants//Syoss Color//Syoss Color;202504//Syoss Color//Syoss_COL Keratin RL 25//Syoss_COL Keratin RL 25//video//Bumper;08/05/2025;30.6.2025;;;;;;;;;;
CEE//HR//B//Hair Colorants//Syoss Color//Syoss Color;202505//Syoss Styling//Syoss_MBR Keratin RL 25//Syoss_MBR Keratin RL 25//video//Trueview;26/05/2025;17.8.2025;;;;;;;;;;
CEE//HR//B//Hair Colorants//Syoss Color//Syoss Color;202505//Syoss Styling//Syoss_MBR Keratin RL 25//Syoss_MBR Keratin RL 25//video//Bumper;26/05/2025;17.8.2025;;;;;;;;;;
CEE//HR//B//Hair Colorants//Syoss Color//Syoss Color;202505//Syoss Care//Syoss_CAR Keratin RL 25//Syoss_CAR Keratin RL 25//video//Trueview;04/06/2025;21.9.2025;;;;;;;;;;
CEE//HR//B//Hair Colorants//Syoss Color//Syoss Color;202505//Syoss Care//Syoss_CAR Keratin RL 25//Syoss_CAR Keratin RL 25//video//Bumper;04/06/2025;21.9.2025;;;;;;;;;;
CEE//HR//B//Hair Colorants//Syoss Color//Syoss Color - DV360;202507//Syoss Color//Syoss_COL Brow Tint RL 25//Syoss_COL Brow Tint RL 25video;18/07/2025;17.8.2025;;;;;;;;;;
CEE//HR//B//Hair Colorants//Syoss Color//Syoss Color - DV360;202509//Syoss Color//Syoss_COL Brow Tint RL 25//Syoss_COL Brow Tint RL 25video;09/09/2025;6.10.2025;;;;;;;;;;
CEE//HR//B//Hair Colorants//Syoss Color//Syoss Color - DV360;202510//Syoss Color//Syoss_COL Root Retouch RL 25//Syoss_COL Root Retouch RL 25video;06/11/2025;21.12.2025;;;;;;;;;;
CEE//HR//B//Hair Care//Syoss Care//Syoss Care - DV360;202510//Syoss Care//Syoss_CAR Keratin RL 25//Syoss_CAR Keratin RL 25//video;09/10/2025;22.12.2025;;;;;;;;;;
CEE//HR//B//Hair Care//Syoss Care//Syoss Styling - DV360;202511//Syoss Styling//Syoss_MBR Keratin RL 25//Syoss_MBR Keratin RL 25//video;07/11/2025;30.11.2025;;;;;;;;;;
CEE//HR//B//Hair Styling//Taft Spray&Mousse//Taft Spray&Mousse;202501//Taft Spray&Mousse//Taft x Gliss LE 2024//Taft x Gliss LE 2024//video//Trueview;06/01/2025;24.4.2025;;;;;;;;;;
CEE//HR//B//Hair Styling//Taft Spray&Mousse//Taft Spray&Mousse;202501//Taft Spray&Mousse//Taft x Gliss LE 2024//Taft x Gliss LE 2024//video//Bumper;06/01/2025;24.4.2025;;;;;;;;;;
CEE//HR//B//Hair Styling//Taft Spray&Mousse//Taft Spray&Mousse;202503//Taft Spray&Mousse//Taft_STY Aloe Boost B 25//Taft_STY Aloe Boost B 25//video//trueview;17/03/2025;24.8.2025;;;;;;;;;;
CEE//HR//B//Hair Styling//Taft Spray&Mousse//Taft Spray&Mousse;202503//Taft Spray&Mousse//Taft_STY Aloe Boost B 25//Taft_STY Aloe Boost B 25//video//bumper;17/03/2025;24.8.2025;;;;;;;;;;
CEE//HR//B//Hair Styling//Taft Spray&Mousse//Taft Spray&Mousse - DV360;202510//Taft Spray&Mousse//SK Taft Hair Spray 2024//SK Taft Hair Spray Range 2024;14/10/2025;10.11.2025;;;;;;;;;;
CEE//HR//B//Hair Styling//Taft Spray&Mousse//Taft Spray&Mousse - DV360;202511//Taft//Taft x Gliss LE 2024//Taft x Gliss LE 2024//video;12/11/2025;7.12.2025;;;;;;;;;;
CEE//HR//A//Tiling P​ro//Tiling Pro//Cere​sit;202501//Tiling Pro//Ceresit//Etics//SEA;15/01/2025;31.5.2025;;;;;;;;;;
CEE//HR//A//Tiling P​ro//Tiling Pro//Cere​sit;202504//Ceresit//CeresitCT84//Brand Campaign;22/04/2025;21.6.2025;;;;;;;;;;
CEE//HR//A//Tiling P​ro//Tiling Pro//Cere​sit;202505//Ceresit//CeresitTiling//Brand Campaign;23.5.2025;23.6.2025;;;;;;;;;;
CEE//HR//A//Tiling P​ro//Tiling Pro//Cere​sit;202509//Ceresit//CE&CS25//Brand Campaign;18.9.2025;18.10.2025;;;;;;;;;;
CEE//HR//A//Tiling P​ro//Tiling Pro//Cere​sit;202509//Ceresit//Ceresit CT19;29.9.2025;29.10.2025;;;;;;;;;;
CEE//HR//A//Tiling P​ro//Tiling Pro//Cere​sit;202510//Ceresit//Ceresit Thermo Universal MULTI PRO;10.10.2025;10.11.2025;;;;;;;;;;
CEE//HR//A//Tiling P​ro//Tiling Pro//Cere​sit;202511//Ceresit//Ceresit Glue;4.11.2025;15.12.2025;;;;;;;;;;
CEE//HR//A//Tiling P​ro//Tiling Pro//Cere​sit;202512//Ceresit//Ceresit Expert;11.12.2025;31.12.2025;;;;;;;;;;
CEE//HR//A//Humidity Absorbers//Trusted Building Competence//Ceresit Stop;202502//Ceresit STOP//Activation Aero 360°//Aero 360°;11/02/2025;5.3.2025;;;;;;;;;;
CEE//HR//A//Humidity Absorbers//Trusted Building Competence//Ceresit Stop;202502//Ceresit //Gratis//Rovinj;14/04/2025;14.5.2025;;;;;;;;;;
CEE//HR//A//Humidity Absorbers//Trusted Building Competence//Ceresit Stop;202510//Ceresit STOP//Local Brand Support Rubson Healthy Home 2023 (FR)//Local Brand Support Healthy Home 2023;15/10/2025;30.11.2025;;;;;;;;;;
CEE//HR//A//Humidity Absorbers//Trusted Building Competence//Ceresit Stop;202510//Ceresit STOP//Local Brand Support Rubson Healthy Home 2023 (FR)//Local Brand Support Healthy Home 2023//Search;15/10/2025;30.11.2025;;;;;;;;;;
CEE//HR//B//Hair Colorants//Palette ICC//Palette ICC;202501//Palette Deluxe//Palette DX INT MoJ 24//Palette DX INT MoJ 24//video//Trueview;17/01/2025;14.4.2025;;;;;;;;;;
CEE//HR//B//Hair Colorants//Palette ICC//Palette ICC;202501//Palette Deluxe//Palette DX INT MoJ 24//Palette DX INT MoJ 24//video//Bumper;17/01/2025;14.4.2025;;;;;;;;;;
CEE//HR//B//Hair Colorants//Palette ICC//Palette ICC;202505//Palette ICC//Palette ICC MoJ 2024//Palette ICC MoJ 2024//video//Trueview;12/05/2025;28.6.2025;;;;;;;;;;
CEE//HR//B//Hair Colorants//Palette ICC//Palette ICC;202505//Palette ICC//Palette ICC MoJ 2024//Palette ICC MoJ 2024//video//Bumper;12/05/2025;28.6.2025;;;;;;;;;;
CEE//HR//B//Hair Colorants//Palette Deluxe//Palette Deluxe - DV360;202507//Palette Deluxe//Palette DX INT MoJ 24//Palette DX INT MoJ 24//video;24.7.2025;30.9.2025;;;;;;;;;;
CEE//HR//B//Hair Colorants//Palette ICC//Palette ICC - DV360;202510//Palette ICC//Palette ICC MoJ 2024//Palette ICC MoJ 2024//video;28.10.2025;30.11.2025;;;;;;;;;;
 ;202501//Bref//Power Active RL 24//Easier Way campaign//video//Trueview//ALL25-34withkids;21/01/2025;24.2.2025;;;;;;;;;;
CEE//HR//L//TWC//Clean & fresh toilet//Bref;202501//Bref//Power Active RL 24//Easier Way campaign//video//Trueview//F35-54withkids;21/01/2025;24.2.2025;;;;;;;;;;
CEE//HR//L//TWC//Clean & fresh toilet//Bref;202501//Bref//Power Active RL 24//Easier Way campaign//video//Trueview//ALL25-34;21/01/2025;24.2.2025;;;;;;;;;;
CEE//HR//L//TWC//Clean & fresh toilet//Bref;202501//Bref//Power Active RL 24//Easier Way campaign//video//Bumper//ALL25-34withkids;21/01/2025;24.2.2025;;;;;;;;;;
CEE//HR//L//TWC//Clean & fresh toilet//Bref;202501//Bref//Power Active RL 24//Easier Way campaign//video//Bumper//F35-54withkids;21/01/2025;24.2.2025;;;;;;;;;;
CEE//HR//L//TWC//Clean & fresh toilet//Bref;202501//Bref//Power Active RL 24//Easier Way campaign//video//Bumper//ALL25-34;21/01/2025;24.2.2025;;;;;;;;;;
CEE//HR//L//TWC//Clean & fresh toilet//Bref;202503//Bref//TWC Cat Growth CX 24//Consumption campaign//video//Trueview;12/03/2025;29.6.2025;;;;;;;;;;
CEE//HR//L//TWC//Clean & fresh toilet//Bref;202503//Bref//TWC Cat Growth CX 24//Consumption campaign//video//Bumper;12/03/2025;29.6.2025;;;;;;;;;;
CEE//HR//L//TWC//Clean & fresh toilet//Bref;202507//Bref//Power Active RL 24//Easier Way campaign//video//Trueview;16/07/2025;22.12.2025;;;;;;;;;;
CEE//HR//L//TWC//Clean & fresh toilet//Bref;202507//Bref//Power Active RL 24//Easier Way campaign//video//Bumper;16/07/2025;22.12.2025;;;;;;;;;;
CEE//HR//B//Hair Care//Schauma Family//Schauma;202501//Schauma//Schauma MEN Scalp Offense Relaunch 2024//Relaunch Schauma MEN Scalp Offense 2024//video//Trueview;21/01/2025;24.3.2025;;;;;;;;;;
CEE//HR//B//Hair Care//Schauma Family//Schauma;202501//Schauma//Schauma MEN Scalp Offense Relaunch 2024//Relaunch Schauma MEN Scalp Offense 2024//video//Bumper;21/01/2025;24.3.2025;;;;;;;;;;
CEE//HR//B//Hair Care//Schauma Family//Schauma;202505//Schauma//Schauma_CAR Long Hair B 25//Schauma_CAR Long Hair B 25//video//Trueview;08/05/2025;5.10.2025;;;;;;;;;;
CEE//HR//B//Hair Care//Schauma Family//Schauma;202505//Schauma//Schauma_CAR Long Hair B 25//Schauma_CAR Long Hair B 25//video//Bumper;08/05/2025;5.10.2025;;;;;;;;;;
CEE//HR//B//Hair Care//Schauma Family//Schauma - DV360;202510//Schauma//Schauma_CAR Core B 25//Schauma_CAR Core B 25//video;24/10/2025;31.12.2025;;;;;;;;;;
CEE//HR//B//Hair Styling//got2b Styling//got2b;202503//Got2b_STY Glued Off LX 25_OLV_16x9_15s_GluedTinted_Styling&ColorB&E_241122asv04FL2D_Global_V1//15sec//CPM//W18-34;03/03/2025;5.5.2025;;;;;;;;;;
CEE//HR//B//Hair Styling//got2b Styling//got2b;202503//Got2b_STY Glued Off LX 25_Bumper_16x9_6s_GluedTinted_Styling&ColorB&E_241126asv01FL2D_Global_V1//6sec//CPM//W18-34;03/03/2025;5.5.2025;;;;;;;;;;
CEE//HR//B//Hair Styling//got2b Styling//got2b;202503// Got2b_STY Topseller B 25_OLV_16x9_15s_RangeBeachMattTwistedPowderful-Master_ChillHold&HeatProtection&VolumeBoost//15sec//CPM//W18-54;28/05/2025;04/08/2025;;;;;;;;;;
CEE//HR//B//Hair Styling//got2b Styling//got2b;202503// Got2b_STY Topseller B 25_Bumper_16x9_6s_BeachMatt_ChillHold//6sec//CPM//W18-54;28/05/2025;04/08/2025;;;;;;;;;;
CEE//HR//B//Hair Styling//got2b Styling//got2b - DV360;202508//got2b//Got2b_STY Glued Off LX 25//Got2b_STY Glued Off LX 25;11/08/2025;19/10/2025;;;;;;;;;;
CEE//HR//B//Hair Styling//got2b Styling//got2b - DV360;202511//got2b//Got2b_STY Topseller B 25//Got2b_STY Topseller B 25;03/11/2025;23/12/2025;;;;;;;;;;
CEE//HR//L//HDD Value for Money//Mileage//Weisser Riese;202506//Weisser Riese//Re-imagine Scent_Deo Fresh//Laundry Monster//video//Trueview;02/06/2025;31/12/2025;;;;;;;;;;
CEE//HR//L//HDD Value for Money//Mileage//Weisser Riese;202506//Weisser Riese//Re-imagine Scent_Deo Fresh//Laundry Monster//video//Bumper;02/06/2025;31/12/2025;;;;;;;;;;
CEE//HR//B//Hair Colorants//Creme Supreme//Creme Supreme - DV360;202508//Creme Supreme//SK_COL CremeSupreme B 25//SK_COL CremeSupreme B 25//CPM//video;10/08/2025;31/12/2025;;;;;;;;;;
Kaufland_Display_HR;Kaufland - Impuls - Competition - NEO konkurencija Vinkovci - 100ti kupac - Dec-Jan 2024 (DN) - CPM;11/12/2024;07/01/2025;;;;;;;;;;
Kaufland_Display_HR;Kaufland - Impuls - Competition - NEO konkurencija Sinj - 100ti kupac - Dec-Jan 2024 (DN) - CPM;27/12/2024;21/01/2025;;;;;;;;;;
Kaufland_Display_HR;Kaufland - Impuls - CRM - 50 dana - 50 poklona - Jan-Mar 2025 (DN) - CPC;07/01/2025;01/03/2025;;;;;;;;;;
Kaufland_Display_HR;Kaufland - Impuls - Other - Online katalog - Guilty pleasures - Jan 2025 (DN) - CPC;07/01/2025;18/01/2025;;;;;;;;;;
Kaufland_Display_HR;Kaufland - Impuls - Kaufland Card - NEO konkurencija - 100ti kupac - Split - Jan-Feb 2025 (DN) - CPM;07/01/2025;04/02/2025;;;;;;;;;;
Kaufland_Display_HR;Kaufland - Impuls - Kaufland Card - Blue Tuesday - Jan 2025 (DN) - CPC;25/01/2025;28/01/2025;;;;;;;;;;
Kaufland_Display_HR;Kaufland - Impuls - Other - Online katalog - Kućni ljubimci - Jan-Feb 2025 (DN) - CPC;20/01/2025;01/02/2025;;;;;;;;;;
Kaufland_Display_HR;Kaufland - Image - Impuls - Other - Otvaranje konkurencije - Dugo Selo - Jan-Feb 2025 (DN) - CPM;24/01/2025;04/02/2025;;;;;;;;;;
Kaufland_Display_HR;Kaufland - Impuls - Other - Online katalog - Tjestenina i umaci - Feb-Mar 2025 (DN) - CPC;17/02/2025;28/02/2025;;;;;;;;;;
Kaufland_Display_HR;Kaufland - Impuls - Kaufland Card - Blue Tuesday - Feb 2025 (DN) - CPC;23/02/2025;25/02/2025;;;;;;;;;;
Kaufland_Display_HR;Kaufland - K-Card Easter - Uskrs - Mar-Apr 2025 (DN) - CPC;19/03/2025;19/04/2025;;;;;;;;;;
Kaufland_Display_HR;Kaufland - Impuls - Kaufland Card - Blue Tuesday - Mar 2025 (DN) - CPC;23/03/2025;25/03/2025;;;;;;;;;;
Kaufland_Display_HR;Kaufland - Online katalog - VRT - Mar 2025 (DN) - CPC;23/03/2025;04/05/2025;;;;;;;;;;
Kaufland_Display_HR;Kaufland - Uskrs - Online katalog - Igračke - Apr 2025 (DN) - CPC;02/04/2025;26/04/2025;;;;;;;;;;
Kaufland_Display_HR;Kaufland - Image - Impuls - Gaming - Minecraft - Apr 2025 (DN) - CPM;07/04/2025;25/04/2025;;;;;;;;;;
Kaufland_Display_HR;Kaufland - Impuls - Image - CSR - KŠViP - 1. val - Apr 2025 (DN) - CPC;09/04/2025;22/04/2025;;;;;;;;;;
Kaufland_Display_HR;Kaufland - Impuls - Kaufland Card - Blue Tuesday - Apr 2025 (DN) - CPC;27/04/2025;29/04/2025;;;;;;;;;;
Kaufland_Display_HR;Kaufland - Impuls - Image - CSR - KŠViP - 2. val - Apr-May 2025 (DN) - CPC;30/04/2025;13/05/2025;;;;;;;;;;
Kaufland_Display_HR;Kaufland - Mini Jobs - May 2025 (DN) - CPM;09/05/2025;22/05/2025;;;;;;;;;;
Kaufland_Display_HR;Kaufland - Impuls - Kaufland Card - Blue Tuesday - Biograd - May-Jun 2025 (DN) - CPM;21/05/2025;17/06/2025;;;;;;;;;;
Kaufland_Display_HR;Kaufland - Impuls - Kaufland Card - Blue Tuesday - May 2025 (DN) - CPC;25/05/2025;27/05/2025;;;;;;;;;;
Kaufland_Display_HR;Kaufland - Impuls - Kaufland Card - Blue Tuesday - Jun 2025 (DN) - CPC;21/06/2025;24/06/2025;;;;;;;;;;
Kaufland_Display_HR;Kaufland - Impuls - Kaufland Card - Nagradna igra - Jun 2025 (DN) - CPC;04/06/2025;17/06/2025;;;;;;;;;;
Kaufland_Display_HR;Kaufland - Image - Impuls - Other - Otvaranje konkurencije - Vinkovci - Jun-Jul 2025 (DN) - CPM;25/06/2025;22/07/2025;;;;;;;;;;
Kaufland_Display_HR;Kaufland - Image - Impuls - FIMA - Split - Ravne njive - Jun-Jul 2025 (DN) - CPC;25/06/2025;22/07/2025;;;;;;;;;;
Kaufland_Display_HR;Kaufland - Stranci - Punjabi - Jul 2025 (DN) - CPM;10/07/2025;24/07/2025;;;;;;;;;;
Kaufland_Display_HR;Kaufland - Stranci - Hindi - Jul 2025 (DN) - CPM;10/07/2025;24/07/2025;;;;;;;;;;
Kaufland_Display_HR;Kaufland - Stranci - Filipino - Jul 2025 (DN) - CPM;10/07/2025;24/07/2025;;;;;;;;;;
Kaufland_Display_HR;Kaufland - Dex Rock - Jul-Aug 2025 (DN) - CPM;15/07/2025;12/08/2025;;;;;;;;;;
Kaufland_Display_HR;Kaufland - Image - Impuls - FIMA - Split - Ravne njive - 100ti kupac - Split - Jul-Aug 2025 (DN) - CPM;23/07/2025;19/08/2025;;;;;;;;;;
Kaufland_Display_HR;Kaufland - BTS -  1. i 2. val - Aug - Sep 2025 (DN) - CPC;13/08/2025;14/09/2025;;;;;;;;;;
Kaufland_Display_HR;Kaufland - Impuls - Kaufland Card - Blue Tuesday - July 2025 (DN) - CPC;26/07/2025;29/07/2025;;;;;;;;;;
Kaufland_Display_HR;Kaufland - Impuls - Kaufland Card - Blue Tuesday - Aug 2025 (DN) - CPC;23/08/2025;26/08/2025;;;;;;;;;;
Kaufland_Display_HR;Kaufland - Impuls - Competition - NEO konkurencija - Neviđena rasprodaja - Jankomir - Aug 2025 (DN) - CPM;26/08/2025;28/08/2025;;;;;;;;;;
Kaufland_Display_HR;Kaufland - Impuls - Competition - NEO konkurencija - Neviđena rasprodaja - Jankomir - Aug 2025 (DG) - CPC;26/08/2025;28/08/2025;;;;;;;;;;
Kaufland_Display_HR;Kaufland - Impuls - Online leaflets - Back to school - Aug-Sep 2025 (DN) - CPC;27/08/2025;09/09/2025;;;;;;;;;;
Kaufland_Display_HR;Kaufland - Impuls - Image - Price - Cjenovna kampanja - Sept-Oct 2025 (DG) - CPC;03/09/2025;30/09/2025;;;;;;;;;;
Kaufland_Display_HR;Kaufland - Impuls - Split - Ravne njive - Sept-Nov 2025 (DG) - CPC;24/09/2025;11/11/2025;;;;;;;;;;
Kaufland_Display_HR;Kaufland - Impuls - Ivanec - Sept-Nov 2025 (DG) - CPC;24/09/2025;11/11/2025;;;;;;;;;;
Kaufland_Display_HR;Kaufland - Impuls - Nova Gradiška - Sept-Oct 2025 (DG) - CPC;30/09/2025;02/10/2025;;;;;;;;;;
Kaufland_Display_HR;Kaufland - Impuls - NEO konkurencija - Stoti kupac - Jankomir - Oct 2025 (DN) - CPM;01/10/2025;07/10/2025;;;;;;;;;;
Kaufland_Display_HR;Kaufland - Impuls - NEO konkurencija - Stoti kupac - Jankomir - Oct 2025 (DG) - CPC;01/10/2025;07/10/2025;;;;;;;;;;
Kaufland_Display_HR;Kaufland - Image - Other - NEO - Otvorenje Osijek - Oct 2025 (DN) - CPM;02/10/2025;15/10/2025;;;;;;;;;;
Kaufland_Display_HR;Kaufland - Impuls - Image - Kaufland Aplikacija - Oct-Nov 2025 (DG) - CPC;15/10/2025;11/11/2025;;;;;;;;;;
Kaufland_Display_HR;Kaufland - Impuls - Kaufland Card Rođendan - Oct - Nov 2025 (DN) - CPC;15/10/2025;11/11/2025;;;;;;;;;;
Kaufland_Display_HR;Kaufland_aplikacija_IOS_Oct-Nov_2025;15/10/2025;11/11/2025;;;;;;;;;;
Kaufland_Display_HR;Kaufland_aplikacija_android_Oct-Nov_2025;15/10/2025;11/11/2025;;;;;;;;;;
Kaufland_Display_HR;Kaufland - Impuls - Red Bull Symphonic - Nov 2025 (DG) - CPC;03/11/2025;19/11/2025;;;;;;;;;;
Kaufland_Display_HR;Kaufland - Image - Impuls - Christmas - IGRAČKE - Nov-Dec 2025 (DN) - CPC;04/11/2025;24/12/2025;;;;;;;;;;
Kaufland_Display_HR;Kaufland - Impuls - Kaufland Card - Nagradna igra - Orašar - November - (DG) - CPC;12/11/2025;25/11/2025;;;;;;;;;;
Kaufland_Display_HR;Kaufland - Image - Split - Ravne njive - Nov - (DN) - CPM;12/11/2025;27/11/2025;;;;;;;;;;
Kaufland_Display_HR;Kaufland - Impuls - Split - Ravne njive - Nov - (DN) - CPC;12/11/2025;27/11/2025;;;;;;;;;;
Kaufland_Display_HR;Kaufland - Impuls - Božić - Nov-Dec - (DN) - CPC;14/11/2025;24/12/2025;;;;;;;;;;
Kaufland_Display_HR;Kaufland - Impuls - Božić - Nov-Dec - (DG) - CPC;14/11/2025;24/12/2025;;;;;;;;;;
Kaufland_Display_HR;Kaufland - Impuls - Katalog Dekoracije i kolači - (DN) - CPC;26/11/2025;24/12/2025;;;;;;;;;;
Kaufland_Display_HR;Kaufland - Adventski kalendar Božić - aplikacija (Install) - android - Dec - (APP) - CPI;01/12/2025;24/12/2025;;;;;;;;;;
Kaufland_Display_HR;Kaufland - Adventski kalendar Božić - aplikacija (engagement) - android - Dec - (APP) - CPA;01/12/2025;24/12/2025;;;;;;;;;;
Kaufland_Display_HR;Kaufland - Impuls - NEO konkurencija - Jednodnevna akcija - Jankomir - DEC 2025 (DN) - CPC;28/11/2025;02/12/2025;;;;;;;;;;
Kaufland_Video_HR;Kaufland - Image - Platforma - Feb-Mar 2025 (YT) - CPV;20/02/2025;04/03/2025;;;;;;;;;;
Kaufland_Video_HR;Kaufland - Image - Platforma - Feb-Mar 2025 (YT) - VVC;21/02/2025;04/03/2025;;;;;;;;;;
Kaufland_Video_HR;Kaufland - Image - Cjenovna - Sep 2025 (YT) - VVC;05/09/2025;30/09/2025;;;;;;;;;;
Kaufland_Video_HR;Kaufland - Image - CSR - Food Waste - Mar 2025 (YT) - VVC;12/03/2025;31/03/2025;;;;;;;;;;
Kaufland_Video_HR;Kaufland - Image - Uskrs - Apr 2025 (YT) - CPV;02/04/2025;19/04/2025;;;;;;;;;;
Kaufland_Video_HR;Kaufland - Image - Impuls - Gaming - Minecraft - Apr 2025 (YT) - Shorts - CPM;07/04/2025;25/04/2025;;;;;;;;;;
Kaufland_Video_HR;Kaufland - Image - CSR - Vatrogasci - Jun-Jul 2025 (YT) - VVC;04/06/2025;03/07/2025;;;;;;;;;;
Kaufland_Video_HR;Kaufland - Dex Rock - Jul-Aug 2025 (YT) - CPM;22/07/2025;12/08/2025;;;;;;;;;;
Kaufland_Video_HR;Kaufland - Impuls - Image - Price - Cjenovna kampanja - Sept-Oct 2025 (YT) - CPM;03/09/2025;30/09/2025;;;;;;;;;;
Kaufland_Video_HR;Kaufland - Image - CSR - Vatrogasci - Sept-Oct 2025 (YT) - VVC;12/09/2025;21/10/2025;;;;;;;;;;
Kaufland_Video_HR;Kaufland - Image - Kaufland Card Rođendan - Oct - Nov 2025 (YT) - VVC;15/10/2025;11/11/2025;;;;;;;;;;
Kaufland_Video_HR;Kaufland - Image - CSR - IT Bags - Nov 2025 (YT) - VVC;05/11/2025;30/11/2025;;;;;;;;;;
Kaufland_Video_HR;Kaufland - Image - Božić - Nov - Dec (YT) - CPM;14/11/2025;24/12/2025;;;;;;;;;;
HR_Bosch_MDA_GDN_OMD_EUR_AlwaysOn;Demand_Gen_LaundryCare_WashingMachines_Perilice_Sušilice_2024__HR_EUR;17/09/2024;28/02/2025;;;;;;;;;;
HR_Bosch_MDA_GDN_OMD_EUR_AlwaysOn;GDN_GDN_Range_nd_Bosch Kuhaj zdravo_Promocija_HR;03/12/2024;30/04/2025;;;;;;;;;;
HR_Bosch_MDA_GDN_OMD_EUR_AlwaysOn;DemandGen_DishCare_Dishwashers__Finish_HR;22/01/2025;31/03/2025;;;;;;;;;;
HR_Bosch_MDA_GDN_OMD_EUR_AlwaysOn;PLCLABApr25_MDA_LaundryCare_WashingMachines_Flight;03/04/2025;30/06/2025;;;;;;;;;;
HR_Bosch_MDA_GDN_OMD_EUR_AlwaysOn;XXLhladnjaciMay25_MDA_Refrigeration_Fridges_Flight;15/05/2025;31/08/2025;;;;;;;;;;
HR_Bosch_MDA_GDN_OMD_EUR_AlwaysOn;SusiliceSep25_MDA_LaundryCare_Dryers_Flight_GGL;15/09/2025;30/11/2025;;;;;;;;;;
HR_Bosch_MDA_GDN_OMD_EUR_AlwaysOn;Demand_Gen_DishCare_Dishwashers_2025_Finish_HR;01/10/2025;30/11/2025;;;;;;;;;;
HR_Bosch_MDA_GDN_OMD_EUR_AlwaysOn;Demand_Gen_Cooking_CookingRange_2025_Pecniceiploce_HR;01/10/2025;30/12/2025;;;;;;;;;;
HR_Bosch_SDA_GDN_OMD_EUR_AlwaysOn;Demand_Gen_IndoorCleaning_VacuumCleaners_2024_Unlimited 7_HR;07/10/2024;28/02/2025;;;;;;;;;;
HR_Bosch_SDA_GDN_OMD_EUR_AlwaysOn;MUM5Jul24_SDA_SDARange_SDARange_Flight;02/07/2024;31/01/2025;;;;;;;;;;
HR_Bosch_SDA_GDN_OMD_EUR_AlwaysOn;Demand_Gen_Food_KitchenMachines_Kuhinjski_robot_MUM6_2025_HR;15/03/2025;31/05/2025;;;;;;;;;;
HR_Bosch_SDA_GDN_OMD_EUR_AlwaysOn;Unlimited10Apr25_SDA_IndoorCleaning_VacuumCleaners_Flight;01/04/2025;31/07/2025;;;;;;;;;;
HR_Bosch_SDA_GDN_OMD_EUR_AlwaysOn;DetoxMay25_Range_HomeAppliances_Kitchen_Flight_Blenders;23/05/2025;30/06/2025;;;;;;;;;;
HR_Bosch_SDA_GDN_OMD_EUR_AlwaysOn;Demand_Gen_IndoorCleaning_Robot_2025_Usisavač_HR;01/10/2025;30/12/2025;;;;;;;;;;
HR_Bosch_SDA_GDN_OMD_EUR_AlwaysOn;Demand_Gen_Food_AirFryer_2025_Flight_HR;01/10/2025;30/12/2025;;;;;;;;;;
HR_Bosch_SDA_GDN_OMD_EUR_AlwaysOn;Demand_Gen_IndoorCleaning_VacuumCleaners_Unlimited10_HR;01/10/2025;30/12/2025;;;;;;;;;;
HR_Bosch_SDA_GDN_OMD_EUR_AlwaysOn;MUM6Nov25_MDA_HomeAppliances_Appliances_Flight_GGL;05/12/2025;30/12/2025;;;;;;;;;;
Nissan Hrvatska EUR;Nissan All range Feb 2025 - Perfomance Max;01/02/2025;05/03/2025;;;;;;;;;;
Nissan Hrvatska EUR;Nissan All range Feb 2025 (DN) - CPM;01/02/2025;05/03/2025;;;;;;;;;;
Nissan Hrvatska EUR;Nissan QQ March 2025 (DN) - CPM;06/03/2025;06/04/2025;;;;;;;;;;
Nissan Hrvatska EUR;Nissan QQ March 2025 - Performance Max;06/03/2025;06/04/2025;;;;;;;;;;
Nissan Hrvatska EUR;Nissan All range Apr - May 2025 - Performance Max;16/04/2025;18/05/2025;;;;;;;;;;
Nissan Hrvatska EUR;Nissan All range Apr - May 2025 (DN) - CPM;16/04/2025;18/05/2025;;;;;;;;;;
Nissan Hrvatska EUR;Nissan All range Apr - May 2025 (DG) - CPC;16/04/2025;18/05/2025;;;;;;;;;;
Nissan Hrvatska EUR;Nissan QQ June 2025 (DN) - CPM;05/06/2025;29/06/2025;;;;;;;;;;
Nissan Hrvatska EUR;Nissan QQ June 2025 - Performance Max;05/06/2025;29/06/2025;;;;;;;;;;
Nissan Hrvatska EUR;Nissan QQ July 2025 (DN) - CPM;09/07/2025;09/08/2025;;;;;;;;;;
Nissan Hrvatska EUR;Nissan QQ July 2025 - Performance Max;09/07/2025;09/08/2025;;;;;;;;;;
Nissan Hrvatska EUR;Nissan QQ Sep - Oct 2025 (DN) - CPM;17/09/2025;20.10.2025;;;;;;;;;;
Nissan Hrvatska EUR;Nissan QQ Sep - Oct 2025 - Performance Max;17/09/2025;20.10.2025;;;;;;;;;;
Nissan Hrvatska EUR;Nissan All range November 2025 - Performance Max;01/11/2025;30.11.2025;;;;;;;;;;
Nissan Hrvatska EUR;Nissan All range November 2025 (DN) - CPM;01/11/2025;30.11.2025;;;;;;;;;;
McDonald's EUR;McDonald's Employer Image AO Jan - Mar 2025 Performance Max - CPA;06/01/2025;23/03/2025;;;;;;;;;;
McDonald's EUR;McDonald's Employer Image AO Jan - Mar 2025 Performance Max - CPA;24/03/2025;13/04/2025;;;;;;;;;;
McDonald's EUR;McDonald's Employer Image AO Jan - Mar 2025 Performance Max - CPA;23/04/2025;18/05/2025;;;;;;;;;;
McDonald's EUR;McDonald's Srijeda koja vrijedi više AO Jan - Mar 2025 (YT) - Bumper;06/01/2025;26/03/2025;;;;;;;;;;
McDonald's EUR;McDonald's Srijeda koja vrijedi više AO Jan - Mar 2025 (YT) - CPV;06/01/2025;26/03/2025;;;;;;;;;;
McDonald's EUR;McDonald's Universal App - Loyalty Awareness May 2025 (App) - CPA - Android;09/05/2025;31/05/2025;;;;;;;;;;
McDonald's EUR;McDonald's Universal App - Loyalty Awareness June 2025 (App) - CPA;02/06/2025;30/06/2025;;;;;;;;;;
McDonald's EUR;McDonald's Universal App - GC Driver June 2025 (App) - CPA;05/06/2025;18/06/2025;;;;;;;;;;
McDonald's EUR;McDonald's Universal App - GC Driver II June - July 2025 (App) - CPA;19/06/2025;03/07/2025;;;;;;;;;;
McDonald's EUR;McDonald's Universal App - Exclusive Dessert || Pistachio June 2025 (App) - CPA;12/06/2025;17/06/2025;;;;;;;;;;
McDonald's EUR;McDonald's Universal App - GC Driver June 2025 (DN) - CPC;10/06/2025;18/06/2025;;;;;;;;;;
McDonald's EUR;McDonald's Employer Image - June - August 2025 Performance Max - CPA;16/06/2025;24/08/2025;;;;;;;;;;
McDonald's EUR;McDonald's Universal App - Loyalty Awareness May 2025 (App) - CPA - IOS;09/05/2025;31/05/2025;;;;;;;;;;
McDonald's EUR;McDonald's Employer Image II May - June 2025 Performance Max - CPA;19/05/2025;15/06/2025;;;;;;;;;;
McDonald's EUR;McDonald's Employer Image II May - June 2025 Demand Gen - CPA;19/05/2025;15/06/2025;;;;;;;;;;
McDonald's EUR;McDonald's Employer Image II May - June 2025 (YT) - CPV;02/06/2025;15/06/2025;;;;;;;;;;
McDonald's EUR;McDonald's Employer Image II May - June 2025 - (YT) - VVC - CPV;23/05/2025;15/06/2025;;;;;;;;;;
McDonald's EUR;McDonald's Coffee AO Jan - Mar 2025 (YT) - Bumper;06/01/2025;09/03/2025;;;;;;;;;;
McDonald's EUR;McDonald's Coffee AO Jan - Mar 2025 (YT) - CPV;06/01/2025;09/03/2025;;;;;;;;;;
McDonald's EUR;McDonald's Breakfast AO Jan - Mar 2025 (YT) - Bumper;06/01/2025;31/03/2025;;;;;;;;;;
McDonald's EUR;McDonald's Breakfast AO Jan - Mar 2025 (YT) - CPV;06/01/2025;31/03/2025;;;;;;;;;;
McDonald's EUR;McDonald's 1+1 January 2025 (YT) - Bumper;07/01/2025;31/01/2025;;;;;;;;;;
McDonald's EUR;McDonald's 1+1 January 2025 (YT) - CPV;07/01/2025;31/01/2025;;;;;;;;;;
McDonald's EUR;McDonald's McDelivery Jan - Apr 2025 (YT) - Bumper;14/01/2025;06/04/2025;;;;;;;;;;
McDonald's EUR;McDonald's McDelivery Jan - Apr 2025 (YT) - CPV;14/01/2025;06/04/2025;;;;;;;;;;
McDonald's EUR;McDonald's Loyalty Awareness AO January 2025 (App) - CPA;17/01/2025;31/01/2025;;;;;;;;;;
McDonald's EUR;McDonald's Loyalty Awareness AO January 2025 (App) - CPA;03/02/2025;28/02/2025;;;;;;;;;;
McDonald's EUR;McDonald's Loyalty Awareness AO January 2025 (App) - CPA;14/03/2025;14/04/2025;;;;;;;;;;
McDonald's EUR;McDonald's HM Pokemon Jan Feb 2025 (YT) - CPV;24/01/2025;07/02/2025;;;;;;;;;;
McDonald's EUR;McDonald's HM Pokemon Jan Feb 2025 (YT) - Bumper;24/01/2025;07/02/2025;;;;;;;;;;
McDonald's EUR;McDonald's 1+1 Feb-Mar 2025 (YT) - CPV;07/02/2025;31/03/2025;;;;;;;;;;
McDonald's EUR;McDonald's 1+1 Feb-Mar 2025 (YT) - Bumper;07/02/2025;31/03/2025;;;;;;;;;;
McDonald's EUR;McDonald's Maestro I Feb-Mar 2025 (YT) - Bumper;10/02/2025;24/03/2025;;;;;;;;;;
McDonald's EUR;McDonald's Maestro I Feb-Mar 2025 (YT) - CPV;10/02/2025;24/03/2025;;;;;;;;;;
McDonald's EUR;McDonald's Employer Image Dugopolje  Feb- Mar 2025 Performance Max - CPA;12/02/2025;30/04/2025;;;;;;;;;;
McDonald's EUR;McDonald's Employer Image Dugopolje  Feb- Mar 2025 Performance Max - CPA;12/03/2025;04/04/2025;;;;;;;;;;
McDonald's EUR;McDonald's McCrispy I Feb-Mar 2025 (YT) - Bumper;17/02/2025;23/03/2025;;;;;;;;;;
McDonald's EUR;McDonald's McCrispy I Feb-Mar 2025 (YT) - CPV;17/02/2025;23/03/2025;;;;;;;;;;
McDonald's EUR;McDonald's_Coffee_I_March_2025 (YT) - Bumper;10/03/2025;30/03/2025;;;;;;;;;;
McDonald's EUR;McDonald's_Coffee_I_March_2025 (YT) - CPV;10/03/2025;30/03/2025;;;;;;;;;;
McDonald's EUR;McDonald's_Triple cheeseburger_March_2025 (YT) - Bumper;11/03/2025;25/03/2025;;;;;;;;;;
McDonald's EUR;McDonald's_Triple cheeseburger_March_2025  (YT) - CPV;11/03/2025;25/03/2025;;;;;;;;;;
McDonald's EUR;McDonald's McDelivery Apr - May 2025 (YT) - CPV;14/04/2025;04/05/2025;;;;;;;;;;
McDonald's EUR;McDonald's McDelivery Apr - May 2025 (YT) - Bumper;14/04/2025;04/05/2025;;;;;;;;;;
McDonald's EUR;McDonald's McDelivery May - June AO 2025 (YT) - CPV;05/05/2025;30/06/2025;;;;;;;;;;
McDonald's EUR;McDonald's McDelivery May - June AO 2025 (YT) - Bumper;05/05/2025;30/06/2025;;;;;;;;;;
McDonald's EUR;McDonald's Maestro II April - June 2025 (YT) - Bumper;21/04/2025;08/06/2025;;;;;;;;;;
McDonald's EUR;McDonald's Maestro II April - June 2025 (YT) - CPV;21/04/2025;08/06/2025;;;;;;;;;;
McDonald's EUR;McDonald's McDelivery Wolt Apr - May 2025 (YT) - CPV;17/04/2025;01/05/2025;;;;;;;;;;
McDonald's EUR;McDonald's McDelivery Wolt Apr - May 2025 (YT) - Bumper;17/04/2025;01/05/2025;;;;;;;;;;
McDonald's EUR;McDonald's McCrispy II April - May 2025 (YT) - Bumper;21/04/2025;25/05/2025;;;;;;;;;;
McDonald's EUR;McDonald's McCrispy II April - May 2025 (YT) - CPV;21/04/2025;25/05/2025;;;;;;;;;;
McDonald's EUR;McDonald's 1+1 Apr-May 2025 (YT) - Bumper;28/04/2025;25/05/2025;;;;;;;;;;
McDonald's EUR;McDonald's 1+1 Apr-May 2025 (YT) - CPV;28/04/2025;25/05/2025;;;;;;;;;;
McDonald's EUR;McDonald's Trust I May 2025 (YT) - Bumper;05/05/2025;25/05/2025;;;;;;;;;;
McDonald's EUR;McDonald's Trust I May 2025 (YT) - CPV;05/05/2025;25/05/2025;;;;;;;;;;
McDonald's EUR;McDonald's Breakfast Mushrooms May 2025 - Bumper;05/05/2025;25/05/2025;;;;;;;;;;
McDonald's EUR;McDonald's Breakfast Mushrooms May 2025 - CPV;05/05/2025;25/05/2025;;;;;;;;;;
McDonald's EUR;McDonald's Srijeda koja vrijedi više AO May-Jun 2025 (YT) - Bumper;12/05/2025;22/06/2025;;;;;;;;;;
McDonald's EUR;McDonald's Srijeda koja vrijedi više AO May-Jun 2025 (YT) - CPV;12/05/2025;22/06/2025;;;;;;;;;;
McDonald's EUR;McDonald's Coffee Monday AO May - Jun 2025 (YT) - Bumper;12/05/2025;22/06/2025;;;;;;;;;;
McDonald's EUR;McDonald's Coffee Monday AO May - Jun 2025 (YT) - CPV;12/05/2025;22/06/2025;;;;;;;;;;
McDonald's EUR;McDonald's Happy Meal May-Jun 2025 (YT) -Bumper;19/05/2025;02/06/2025;;;;;;;;;;
McDonald's EUR;McDonald's Happy Meal May-Jun 2025 (YT) -CPV;19/05/2025;02/06/2025;;;;;;;;;;
McDonald's EUR;McDonald's 1+1 May-Aug 2025 (YT) - Bumper;26/05/2025;30/08/2025;;;;;;;;;;
McDonald's EUR;McDonald's 1+1 May-Aug 2025 (YT) - CPV;26/05/2025;30/08/2025;;;;;;;;;;
McDonald's EUR;McDonald's Breakfast Mushrooms May - Sep 2025. - Bumper;26/05/2025;28/09/2025;;;;;;;;;;
McDonald's EUR;McDonald's Breakfast Mushrooms May - Sep 2025. - CPV;26/05/2025;28/09/2025;;;;;;;;;;
McDonald's EUR;McDonald's McCrispy AO May-Jun 2025 (YT) - Bumper;26/05/2025;29/06/2025;;;;;;;;;;
McDonald's EUR;McDonald's McCrispy AO May-Jun 2025 (YT) - CPV;26/05/2025;29/06/2025;;;;;;;;;;
McDonald's EUR;McDonald's Grimace May - July 2025 (YT) - CPV;26/05/2025;06/07/2025;;;;;;;;;;
McDonald's EUR;McDonald's Grimace May - July 2025 (YT) - Bumper;26/05/2025;06/07/2025;;;;;;;;;;
McDonald's EUR;McDonald's Grimace Exclusive June 2025 (App) - CPA;02/06/2025;08/06/2025;;;;;;;;;;
McDonald's EUR;McDonald's Grimace Exclusive June 2025 (YT) - CPV;02/06/2025;08/06/2025;;;;;;;;;;
McDonald's EUR;McDonald's Grimace Exclusive June 2025 (YT) - Bumper;02/06/2025;08/06/2025;;;;;;;;;;
McDonald's EUR;McDonald's Happy Meal Squiishmallows June 2025 - CPV;03/06/2025;18/06/2025;;;;;;;;;;
McDonald's EUR;McDonald's Happy Meal Squiishmallows June 2025 - Bumper;03/06/2025;18/06/2025;;;;;;;;;;
McDonald's EUR;McDonald's McNuggets June 2025 - Bumper;10/06/2025;29/06/2025;;;;;;;;;;
McDonald's EUR;McDonald's McNuggets June 2025 - CPV;10/06/2025;29/06/2025;;;;;;;;;;
McDonald's EUR;McDonald's Srijeda koja vrijedi više AO June - September 2025 (YT) - Bumper;23/06/2025;28/09/2025;;;;;;;;;;
McDonald's EUR;McDonald's Srijeda koja vrijedi više AO June - September 2025 (YT) - CPV;23/06/2025;28/09/2025;;;;;;;;;;
McDonald's EUR;McDonald's Pistachio Desert II June - August 2025 (YT) - Bumper;23/06/2025;03/08/2025;;;;;;;;;;
McDonald's EUR;McDonald's Pistachio Desert II June - August 2025 (YT) - CPV;23/06/2025;03/08/2025;;;;;;;;;;
McDonald's EUR;McDonald's Maestro III June-August 2025 (YT) - Bumper;30/06/2025;17/08/2025;;;;;;;;;;
McDonald's EUR;McDonald's Maestro III June-August 2025 (YT) - CPV;30/06/2025;17/08/2025;;;;;;;;;;
McDonald's EUR;McDonald's IceCoffe June - August 2025 (YT) - Bumper;30/06/2025;17/08/2025;;;;;;;;;;
McDonald's EUR;McDonald's McCrispy July 2025 (YT) - Bumper;01/07/2025;20/07/2025;;;;;;;;;;
McDonald's EUR;McDonald's McCrispy July 2025 (YT) - CPV;01/07/2025;20/07/2025;;;;;;;;;;
McDonald's EUR;McDonald's McDelivery July - September 2025 (YT) - CPV;01/07/2025;28/09/2025;;;;;;;;;;
McDonald's EUR;McDonald's McDelivery July - September 2025 (YT) - Bumper;01/07/2025;28/09/2025;;;;;;;;;;
McDonald's EUR;McDonald's Coffee July - September 2025 (YT) - CPV;01/07/2025;28/09/2025;;;;;;;;;;
McDonald's EUR;McDonald's Coffee July - September 2025 (YT) - Bumper;01/07/2025;28/09/2025;;;;;;;;;;
McDonald's EUR;McDonald's Breakfast July - September 2025 (YT) - CPV;01/07/2025;28/09/2025;;;;;;;;;;
McDonald's EUR;McDonald's Breakfast July - September 2025 (YT) - Bumper;01/07/2025;28/09/2025;;;;;;;;;;
McDonald's EUR;McDonald's Loyalty Awareness July 2025 (App) - CPA;04/07/2025;31/07/2025;;;;;;;;;;
McDonald's EUR;McDonald's Mixology July 2025 (YT) - Bumper;07.07.2025;27.07.2025;;;;;;;;;;
McDonald's EUR;McDonald's Mixology July 2025 (YT) - CPV;07.07.2025;27.07.2025;;;;;;;;;;
McDonald's EUR;McDonald's Summer Chance July - August 2025 (App) - CPA;08.07.2025;17.08.2025;;;;;;;;;;
McDonald's EUR;McDonald's GC Driver July 2025 (App) - CPA;08.07.2025;21.07.2025;;;;;;;;;;
McDonald's EUR;McDonald's HM Lil McD's July 2025 (YT) - Bumper;11.07.2025;27.07.2025;;;;;;;;;;
McDonald's EUR;McDonald's HM Lil McD's July 2025 (YT) - CPV;11.07.2025;27.07.2025;;;;;;;;;;
McDonald's EUR;McDonald's McNuggets II July - August 2025 - Bumper;21.07.2025;10.08.2025;;;;;;;;;;
McDonald's EUR;McDonald's McNuggets II July - August 2025 - CPV;21.07.2025;10.08.2025;;;;;;;;;;
McDonald's EUR;McDonald's GC Driver July - August 2025 (App) - CPA;22.07.2025;04.08.2025;;;;;;;;;;
McDonald's EUR;McDonald's GC Driver August Shake 2025 (App) - CPA;05.08.2025;18.08.2025;;;;;;;;;;
McDonald's EUR;McDonald's Loyalty Awareness August 2025 (App) - CPA;01.08.2025;31.08.2025;;;;;;;;;;
McDonald's EUR;McDonald's HM TMNT x Sanrio August 2025 (YT) - CPV;06.08.2025;24.08.2025;;;;;;;;;;
McDonald's EUR;McDonald's HM TMNT x Sanrio August 2025 (YT) - Bumper;06.08.2025;24.08.2025;;;;;;;;;;
McDonald's EUR;McDonald's Opusteno Dopusteno II August 2025 (YT) - CPV;11.08.2025;31.08.2025;;;;;;;;;;
McDonald's EUR;McDonald's Opusteno Dopusteno II August 2025 (YT) - Bumper;11.08.2025;31.08.2025;;;;;;;;;;
McDonald's EUR;McDonald's McCrispy AO Aug - Sep 2025 (YT) - CPV;11.08.2025;28.09.2025;;;;;;;;;;
McDonald's EUR;McDonald's McCrispy AO Aug - Sep 2025 (YT) - Bumper;11.08.2025;28.09.2025;;;;;;;;;;
McDonald's EUR;McDonald's GC Driver - Pommes Aug - Sep 2025 (App) - CPA;19.08.2025;01.09.2025;;;;;;;;;;
McDonald's EUR;McDonald's Zapošljavanje Zabok Aug - Sep 2025 (Perfomance Max) - CPA;21.08.2025;04.09.2025;;;;;;;;;;
McDonald's EUR;McDonald's Employer Image III Aug - Sep 2025 (Performance Max) - CPA;25.08.2025;14.09.2025;;;;;;;;;;
McDonald's EUR;McDonald's Employer Image III Aug - Sep 2025 (Demand Gen) - CPC;25.08.2025;14.09.2025;;;;;;;;;;
McDonald's EUR;McDonald's Employer Image III Aug - Sep 2025 (YT) - CPV;25.08.2025;14.09.2025;;;;;;;;;;
McDonald's EUR;McDonald's Employer Image III - Young Adults - Aug - Sep 2025 (VVC) - CPV;25.08.2025;14.09.2025;;;;;;;;;;
McDonald's EUR;McDonald's MOP Aug - Sep 2025 (YT) - CPV;29.08.2025;18.09.2025;;;;;;;;;;
McDonald's EUR;McDonald's MOP Aug - Sep 2025 (YT) - Bumper;29.08.2025;18.09.2025;;;;;;;;;;
McDonald's EUR;McDonald's MOP Aug - Sep 2025 (App) - CPA;29.08.2025;18.09.2025;;;;;;;;;;
McDonald's EUR;McDonald's Loyalty Awareness September AO 2025 (App) - CPA;01.09.2025;30.09.2025;;;;;;;;;;
McDonald's EUR;McDonald's GC Driver - Gazirano pice - September 2025 (App) - CPA;02.09.2025;15.09.2025;;;;;;;;;;
McDonald's EUR;McDonald's Maestro IV Sep - Oct 2025 (YT) - CPV;08.09.2025;26.10.2025;;;;;;;;;;
McDonald's EUR;McDonald's Maestro IV Sep - Oct 2025 (YT) - Bumper;08.09.2025;26.10.2025;;;;;;;;;;
McDonald's EUR;McDonald's Snack Menu Sep - Oct 2025 (YT) - CPV;04.09.2025;12.10.2025;;;;;;;;;;
McDonald's EUR;McDonald's Snack Menu Sep - Oct 2025 (YT) - Bumper;04.09.2025;12.10.2025;;;;;;;;;;
McDonald's EUR;McDonald's Snack Menu APP Exclusive Sep - Oct 2025 (App) - CPA;04.09.2025;5.10.2025;;;;;;;;;;
McDonald's EUR;McDonald's Back to school Sep 2025 (App) - CPA;08.09.2025;14.9.2025;;;;;;;;;;
McDonald's EUR;McDonald's Employer Image IV Sep - Nov 2025 (Performance Max) AO - CPA;15.09.2025;14.12.2025;;;;;;;;;;
McDonald's EUR;McDonald's Employer Image IV Nov - Dec 2025 (Demand Gen) - CPC;24.11.2025;14.12.2025;;;;;;;;;;
McDonald's EUR;McDonald's Employer Image IV - Young Adults - Nov - Dec 2025 (VVC) - CPV;24.11.2025;14.12.2025;;;;;;;;;;
McDonald's EUR;McDonald's GC Driver McFlurry Kitkat September (App) - CPA;16.09.2025;29.9.2025;;;;;;;;;;
McDonald's EUR;McDonald's MOP Sep - Nov 2025 (YT) - CPV;19.09.2025;30.11.2025;;;;;;;;;;
McDonald's EUR;McDonald's MOP Sep - Nov 2025 (YT) - Bumper;19.09.2025;30.11.2025;;;;;;;;;;
McDonald's EUR;McDonald's MOP Sep - Nov 2025 (APP) - CPA;19.09.2025;30.11.2025;;;;;;;;;;
McDonald's EUR;McDonald's MOP Sep - Nov OSIJEK 2025 (YT) - CPV;28.10.2025;30.11.2025;;;;;;;;;;
McDonald's EUR;McDonald's MOP Sep - Nov OSIJEK 2025 (YT) - Bumper;28.10.2025;30.11.2025;;;;;;;;;;
McDonald's EUR;McDonald's MOP Sep - Nov OSIJEK 2025 (APP) - CPA;28.10.2025;30.11.2025;;;;;;;;;;
McDonald's EUR;McDonald's Bomba Komba Sep - Oct 2025 (APP) - CPA;19.09.2025;1.10.2025;;;;;;;;;;
McDonald's EUR;McDonald's Breakfast AO Sep - Dec 2025 (YT) - CPV;29.09.2025;30.12.2025;;;;;;;;;;
McDonald's EUR;McDonald's Breakfast AO Sep - Dec 2025 (YT) - Bumper;29.09.2025;30.12.2025;;;;;;;;;;
McDonald's EUR;McDonald's Coffee AO Sep - Dec 2025 (YT) - CPV;29.09.2025;30.12.2025;;;;;;;;;;
McDonald's EUR;McDonald's Coffee AO Sep - Dec 2025 (YT) - Bumper;29.09.2025;30.12.2025;;;;;;;;;;
McDonald's EUR;McDonald's McDelivery AO Sep - Oct 2025 (YT) - CPV;29.09.2025;31.10.2025;;;;;;;;;;
McDonald's EUR;McDonald's McDelivery AO Sep - Oct 2025 (YT) - Bumper;29.09.2025;31.10.2025;;;;;;;;;;
McDonald's EUR;McDonald's Srijeda koja vrijedi više AO Sep - Oct (YT) - CPV;29.09.2025;19.10.2025;;;;;;;;;;
McDonald's EUR;McDonald's Srijeda koja vrijedi više AO Sep - Oct (YT) - Bumper;29.09.2025;19.10.2025;;;;;;;;;;
McDonald's EUR;McDonald's GC Driver Pita Jabuka Sep - Oct 2025 (App) - CPA;30.09.2025;13.10.2025;;;;;;;;;;
McDonald's EUR;McDonald's Loyalty Awareness October AO 2025 (App) - CPA;01.10.2025;31.10.2025;;;;;;;;;;
McDonald's EUR;McDonald's Farmburger October 2025 (App) - CPA;02.10.2025;8.10.2025;;;;;;;;;;
McDonald's EUR;McDonald's Dessert III Lotus Biscoff Oct - Nove 2025 (YT) - CPV;06.10.2025;16.11.2025;;;;;;;;;;
McDonald's EUR;McDonald's Dessert III Lotus Biscoff Oct - Nove 2025 (YT) - Bumper;06.10.2025;16.11.2025;;;;;;;;;;
McDonald's EUR;McDonald's Trust II October 2025 (YT) - CPV;06.10.2025;26.10.2025;;;;;;;;;;
McDonald's EUR;McDonald's Trust II October 2025 (YT) - Bumper;06.10.2025;26.10.2025;;;;;;;;;;
McDonald's EUR;McDonald's Snack Menu App Exclusive Oct - Dec 2025 (YT) - CPV;06.10.2025;30.12.2025;;;;;;;;;;
McDonald's EUR;McDonald's Snack Menu App Exclusive Oct - Dec 2025 (YT) - Bumper;06.10.2025;30.12.2025;;;;;;;;;;
McDonald's EUR;McDonald's Snack Menu AO Oct - Nov 2025 (YT) - CPV;13.10.2025;9.11.2025;;;;;;;;;;
McDonald's EUR;McDonald's Snack Menu AO Oct - Nov 2025 (YT) - Bumper;13.10.2025;9.11.2025;;;;;;;;;;
McDonald's EUR;McDonald's GC Driver McNuggets October 2025 (App) - CPA;14.10.2025;27.10.2025;;;;;;;;;;
McDonald's EUR;McDonald's McNuggets III Oct - Nov 2025 (YT) - CPV;14.10.2025;2.11.2025;;;;;;;;;;
McDonald's EUR;McDonald's McNuggets III Oct - Nov 2025 (YT) - Bumper;14.10.2025;2.11.2025;;;;;;;;;;
McDonald's EUR;McDonald's McDelivery x Glovo II Prime Oct 2025 (YT) - CPV;17.10.2025;26.10.2025;;;;;;;;;;
McDonald's EUR;McDonald's McDelivery x Glovo II Prime Oct 2025 (YT) - Bumper;17.10.2025;26.10.2025;;;;;;;;;;
McDonald's EUR;McDonald's Srijeda koja vrijedi više Oct - Dec 2025 (YT) - CPV;20.10.2025;28.12.2025;;;;;;;;;;
McDonald's EUR;McDonald's Srijeda koja vrijedi više Oct - Dec 2025 (YT) - Bumper;20.10.2025;28.12.2025;;;;;;;;;;
McDonald's EUR;McDonald's Coffee Monday II Oct - Dec 2025 (YT) - CPV;20.10.2025;28.12.2025;;;;;;;;;;
McDonald's EUR;McDonald's Coffee Monday II Oct - Dec 2025 (YT) - Bumper;20.10.2025;28.12.2025;;;;;;;;;;
McDonald's EUR;McDonald's Halloween October 2025 (App) - CPA;25.10.2025;31.10.2025;;;;;;;;;;
McDonald's EUR;McDonald's Farmburger Oct - Nov 2025 (YT) - CPV;30.10.2025;16.11.2025;;;;;;;;;;
McDonald's EUR;McDonald's Farmburger Oct - Nov 2025 (YT) - Bumper;30.10.2025;16.11.2025;;;;;;;;;;
McDonald's EUR;McDonald's GC Driver Big Mac Oct - Nov 2025 (App) - CPA;28.10.2025;10.11.2025;;;;;;;;;;
McDonald's EUR;McDonald's McDelivery AO Nov 2025 (YT) - CPV;3.11.2025;23.11.2025;;;;;;;;;;
McDonald's EUR;McDonald's McDelivery AO Nov 2025 (YT) - Bumper;3.11.2025;23.11.2025;;;;;;;;;;
McDonald's EUR;McDonald's Loyalty Awareness November AO 2025 (App) - CPA;1.11.2025;30.12.2025;;;;;;;;;;
McDonald's EUR;McDonald's Snack Menu AO II Nov - Dec 2025 (YT) - CPV;10.11.2025;7.12.2025;;;;;;;;;;
McDonald's EUR;McDonald's Snack Menu AO II Nov - Dec 2025 (YT) - Bumper;10.11.2025;7.12.2025;;;;;;;;;;
McDonald's EUR;McDonald's McDelivery Wolt II November 2025 (YT) - CPV;11.11.2025;25.11.2025;;;;;;;;;;
McDonald's EUR;McDonald's McDelivery Wolt II November 2025 (YT) - Bumper;11.11.2025;25.11.2025;;;;;;;;;;
McDonald's EUR;McDonald's Farmburger November 2025 (App) - CPA;11.11.2025;24.11.2025;;;;;;;;;;
McDonald's EUR;McDonald's GC Driver McChicken Nov - Dec 2025 (App) - CPA;25.11.2025;8.12.2025;;;;;;;;;;
McDonald's EUR;McDonald's Adventski kalendar December 2025 (YT) - CPV;1.12.2025;24.12.2025;;;;;;;;;;
McDonald's EUR;McDonald's Adventski kalendar December 2025 (YT) - Bumper;1.12.2025;24.12.2025;;;;;;;;;;
McDonald's EUR;McDonald's Fries December 2025 (YT) - CPV;1.12.2025;28.12.2025;;;;;;;;;;
McDonald's EUR;McDonald's Fries December 2025 (YT) - Bumper;1.12.2025;28.12.2025;;;;;;;;;;
McDonald's EUR;McDonald's Sirious Winter December 2025 (App) - CPA;4.12.2025;7.12.2025;;;;;;;;;;
McDonald's EUR;McDonald's Snack Menu AO III December 2025 (YT) - CPV;8.12.2025;28.12.2025;;;;;;;;;;
McDonald's EUR;McDonald's Snack Menu AO III December 2025 (YT) - Bumper;8.12.2025;28.12.2025;;;;;;;;;;
McDonald's EUR;McDonald's Sirious Winter December 2025 (YT) - CPV;9.12.2025;30.12.2025;;;;;;;;;;
McDonald's EUR;McDonald's Sirious Winter December 2025 (YT) - Bumper;9.12.2025;30.12.2025;;;;;;;;;;
McDonald's EUR;McDonald's GC Driver Pita Jabuka Nov - Dec 2025 (App) - CPA;9.12.2025;22.12.2025;;;;;;;;;;
McDonald's EUR;McDonald's Happy Meal Playmobil December 2025 (YT) - CPV;12.12.2025;24.12.2025;;;;;;;;;;
McDonald's EUR;McDonald's Happy Meal Playmobil December 2025 (YT) - Bumper;12.12.2025;24.12.2025;;;;;;;;;;
McDonald's EUR;McDonald's McDelivery x Glovo III Dec 2025 (YT) - CPV;15.12.2025;21.12.2025;;;;;;;;;;
McDonald's EUR;McDonald's McDelivery x Glovo III Dec 2025 (YT) - Bumper;15.12.2025;21.12.2025;;;;;;;;;;
McDonald's EUR;McDonald's GC Driver - Pommes December 2025 (App) - CPA;24.12.2025;30.12.2025;;;;;;;;;;
Barilla_Youtube_EUR_OMDHR;LOC_HRV_HR_BAR_BLUE_NA_Always-on_AO_NA_2025-01-01_2025-12-31-Trueview;03/02/2025;30.6.2025;;;;;;;;;;
Barilla_Youtube_EUR_OMDHR;LOC_HRV_HR_BAR_PESS_NA_Pesto-March_PR_NA_2025-03-10_2025-03-30_NA;10/03/2025;30.3.2025;;;;;;;;;;
Barilla_Youtube_EUR_OMDHR;LOC_HRV_HR_BAR_BLUE_NA_Togetherness_PR_NA_2025-03-17_2025-04-13_NA;17/03/2025;13.4.2025;;;;;;;;;;
Barilla_Grancereale_YouTube_EUR_OMDHR;LOC_HRV_HR_GRA_GRAC_NA_Always-on-CPU-2025_AO_NA_2025-02-17_2025-11-30_NA;17/02/2025;31.5.2025;;;;;;;;;;
Barilla_Grancereale_YouTube_EUR_OMDHR;LOC_HRV_HR_GRA_GRAC_NA_Grancereale-brand_PR_NA_2025-02-27_2025-03-31_NA;27/02/2025;31.3.2025;;;;;;;;;;
Barilla_Mulino Bianco_Youtube_EUR_OMDHR;LOC_HRV_HR_MUL_PANB_NA_Pan-Bauletto_PR_NA_2025-02-15_2025-03-15_NA;15/02/2025;15/03/2025;;;;;;;;;;
Barilla_Mulino Bianco_Youtube_EUR_OMDHR;LOC_HRV_HR_MUL_BAIO_NA_Baiocchi_PR_NA_2025-03-15_2025-04-15_NA;15/03/2025;15/04/2025;;;;;;;;;;
HR_Nivea_YouTube_x_OMD_EUR;T03_000055_HR_NBD_BodyMilk_AW_Jan25_Feb25_fullf_OMD_DigGR_Trueview;13/01/2025;23/02/2025;;;;;;;;;;
HR_Nivea_YouTube_x_OMD_EUR;T03_000055_HR_NBD_BodyMilk_AW_Jan25_Feb25_fullf_OMD_DigGR_Bumper;13/01/2025;23/02/2025;;;;;;;;;;
HR_Nivea_YouTube_x_OMD_EUR;T03_000055_HR_NBD_BodyMilk_CO_Jan25_Feb25_fullf_OMD_DigGR_Trueview;13/01/2025;23/02/2025;;;;;;;;;;
HR_Nivea_YouTube_x_OMD_EUR;T03_001594_HR_NFC_Q10DualActionSerum_AW_Jan25_Mar25_fullf_OMD_DigGR_trueview;20/01/2025;02/03/2025;;;;;;;;;;
HR_Nivea_YouTube_x_OMD_EUR;T03_001594_HR_NFC_Q10DualActionSerum_AW_Jan25_Mar25_fullf_OMD_DigGR_bumper;20/01/2025;02/03/2025;;;;;;;;;;
HR_Nivea_YouTube_x_OMD_EUR;T03_001594_HR_NFC_Q10DualActionSerum_AW_Jan25_Mar25_fullf_OMD_DigGR_influencer;20/01/2025;02/03/2025;;;;;;;;;;
HR_Nivea_YouTube_x_OMD_EUR;T03_001594_HR_NFC_Q10DualActionSerum_CO_Jan25_Mar25_fullf_OMD_DigGR_trueview;20/01/2025;02/03/2025;;;;;;;;;;
HR_Nivea_YouTube_x_OMD_EUR;T03_000286_HR_NFL_MicellarExtra_AW_Feb25_Mar25_fullf_OMD_DigGR_Trueview;04/02/2025;23/03/2025;;;;;;;;;;
HR_Nivea_YouTube_x_OMD_EUR;T03_000286_HR_NFL_MicellarExtra_AW_Feb25_Mar25_fullf_OMD_DigGR_Bumper;04/02/2025;23/03/2025;;;;;;;;;;
HR_Nivea_YouTube_x_OMD_EUR;T03_000286_HR_NFL_MicellarExtra_AW_Feb25_Mar25_fullf_OMD_DigGR_Influencers - NoN VVC;04/02/2025;23/03/2025;;;;;;;;;;
HR_Nivea_YouTube_x_OMD_EUR;T03_000286_HR_NFL_MicellarExtra_CO_Feb25_Mar25_fullf_OMD_DigGR_Trueview;04/02/2025;23/03/2025;;;;;;;;;;
HR_Nivea_YouTube_x_OMD_EUR;T03_001505_HR_NME_Luminous630Moisturizer_AW_Feb25_Mar25_fullf_OMD_DigGR_KNOW - TrueView M;04/02/2025;23/03/2025;;;;;;;;;;
HR_Nivea_YouTube_x_OMD_EUR;T03_001505_HR_NME_Luminous630Moisturizer_AW_Feb25_Mar25_fullf_OMD_DigGR_KNOW - TrueView W;04/02/2025;23/03/2025;;;;;;;;;;
HR_Nivea_YouTube_x_OMD_EUR;T03_001505_HR_NME_Luminous630Moisturizer_AW_Feb25_Mar25_fullf_OMD_DigGR_KNOW - Bumper M;04/02/2025;23/03/2025;;;;;;;;;;
HR_Nivea_YouTube_x_OMD_EUR;T03_001505_HR_NME_Luminous630Moisturizer_AW_Feb25_Mar25_fullf_OMD_DigGR_KNOW - Bumper W;04/02/2025;23/03/2025;;;;;;;;;;
HR_Nivea_YouTube_x_OMD_EUR;T03_001233_HR_NCR_RepairCareAPC_AW_Feb25_Mar25_fullf_OMD_DigGR_Trueview - RC;10/02/2025;23/03/2025;;;;;;;;;;
HR_Nivea_YouTube_x_OMD_EUR;T03_001233_HR_NCR_RepairCareAPC_AW_Feb25_Mar25_fullf_OMD_DigGR_Bumper - RC;10/02/2025;23/03/2025;;;;;;;;;;
HR_Nivea_YouTube_x_OMD_EUR;T03_001233_HR_NCR_RepairCareAPC_AW_Feb25_Mar25_fullf_OMD_DigGR_Urea Trueview;10/02/2025;23/03/2025;;;;;;;;;;
HR_Nivea_YouTube_x_OMD_EUR;T03_001233_HR_NCR_RepairCareAPC_AW_Feb25_Mar25_fullf_OMD_DigGR_Urea Bumper;10/02/2025;23/03/2025;;;;;;;;;;
HR_Nivea_YouTube_x_OMD_EUR;T03_000227_HR_NFC_CellularLuminous630_AW_Feb25_Apr25_fullf_OMD_DigGRFF_trueview;17/02/2025;13/04/2025;;;;;;;;;;
HR_Nivea_YouTube_x_OMD_EUR;T03_000227_HR_NFC_CellularLuminous630_AW_Feb25_Apr25_fullf_OMD_DigGRFF_bumper;17/02/2025;13/04/2025;;;;;;;;;;
HR_Nivea_YouTube_x_OMD_EUR;T03_000227_HR_NFC_CellularLuminous630_CO_Feb25_Apr25_fullf_OMD_DigGRFF_na;17/02/2025;13/04/2025;;;;;;;;;;
HR_Nivea_YouTube_x_OMD_EUR;T03_000717_HR_NIV_Promotion_AW_Mar25_Mar25_fullf_OMD_DigGR_TrueviewShorts - Female;01/03/2025;31/03/2025;;;;;;;;;;
HR_Nivea_YouTube_x_OMD_EUR;T03_000717_HR_NIV_Promotion_AW_Mar25_Mar25_fullf_OMD_DigGR_Bumper - Female;01/03/2025;31/03/2025;;;;;;;;;;
HR_Nivea_YouTube_x_OMD_EUR;T03_000717_HR_NIV_Promotion_AW_Mar25_Mar25_fullf_OMD_DigGR_TrueviewShorts - Male;01/03/2025;31/03/2025;;;;;;;;;;
HR_Nivea_YouTube_x_OMD_EUR;T03_000717_HR_NIV_Promotion_AW_Mar25_Mar25_fullf_OMD_DigGR_Bumper - Male;01/03/2025;31/03/2025;;;;;;;;;;
HR_Nivea_YouTube_x_OMD_EUR;T03_001632_HR_NFC_CellularSerumRange_AW_Mar25_May25_fullf_OMD_DigGR_Trueview;17/03/2025;11/05/2025;;;;;;;;;;
HR_Nivea_YouTube_x_OMD_EUR;T03_001632_HR_NFC_CellularSerumRange_AW_Mar25_May25_fullf_OMD_DigGR_Bumper;17/03/2025;11/05/2025;;;;;;;;;;
HR_Nivea_YouTube_x_OMD_EUR;T03_001632_HR_NFC_CellularSerumRange_AW_Mar25_May25_fullf_OMD_DigGR_Influenceri - VVC;17/03/2025;11/05/2025;;;;;;;;;;
HR_Nivea_YouTube_x_OMD_EUR;T03_000158_HR_NDO_BW(unisex)_AW_Mar25_Apr25_fullf_OMD_DigGR_Trueview - Male;17/03/2025;13/04/2025;;;;;;;;;;
HR_Nivea_YouTube_x_OMD_EUR;T03_000158_HR_NDO_BW(unisex)_AW_Mar25_Apr25_fullf_OMD_DigGR_Trueview - Female;17/03/2025;13/04/2025;;;;;;;;;;
HR_Nivea_YouTube_x_OMD_EUR;T03_000158_HR_NDO_BW(unisex)_CO_Mar25_Apr25_fullf_OMD_DigGR_Trueview - Male;17/03/2025;13/04/2025;;;;;;;;;;
HR_Nivea_YouTube_x_OMD_EUR;T03_000158_HR_NDO_BW(unisex)_CO_Mar25_Apr25_fullf_OMD_DigGR_Trueview - Female;17/03/2025;13/04/2025;;;;;;;;;;
HR_Nivea_YouTube_x_OMD_EUR;T03_000158_HR_NDO_BW(unisex)_AW_Mar25_Apr25_fullf_OMD_DigGR_Bumper - Male;17/03/2025;13/04/2025;;;;;;;;;;
HR_Nivea_YouTube_x_OMD_EUR;T03_000158_HR_NDO_BW(unisex)_AW_Mar25_Apr25_fullf_OMD_DigGR_Bumper - Female;17/03/2025;13/04/2025;;;;;;;;;;
HR_Nivea_Google Display Network_x_OMD_EUR;T03_001594_HR_NFC_Q10DualActionSerum_CO_Jan25_Mar25_fullf_OMD_DigGR_gdn;20/01/2025;02/03/2025;;;;;;;;;;
